patch_id,nuclei_template_id,cwe_cve_mapping,vulnerable_syntax_token_sequence,recommended_replacement_patch_diff,operational_remediation_explanation
PATCH-0001,nuclei-cwe-319-template,CWE-319 / CVE-2023-5085,Strict-Transport-Security: max-age=0,"- Strict-Transport-Security: max-age=0
+ Strict-Transport-Security: max-age=31536000; includeSubDomains; preload",Enforced HTTP Strict Transport Security (HSTS) to ensure all communications are encrypted over HTTPS.
PATCH-0002,nuclei-cwe-548-template,CWE-548 / N/A,"location /.git {
    autoindex on;
}","- autoindex on;
+ deny all;",Disabled directory listing and denied access to the .git directory to prevent source code and configuration exposure.
PATCH-0003,nuclei-cwe-548-template,CWE-548 / N/A,"location /.git {
    autoindex on;
}","- autoindex on;
+ deny all;",Disabled directory listing and denied access to the .git directory to prevent source code and configuration exposure.
PATCH-0004,nuclei-cwe-693-template,CWE-693 / N/A,"HTTP/1.1 200 OK
Server: nginx
Content-Type: text/html",+ Content-Security-Policy: default-src 'self'; script-src 'self' 'nonce-random123'; object-src 'none',Added Content-Security-Policy header to mitigate XSS vulnerabilities by restricting the sources of executable scripts.
PATCH-0005,nuclei-cwe-319-template,CWE-319 / CVE-2023-7905,Strict-Transport-Security: max-age=0,"- Strict-Transport-Security: max-age=0
+ Strict-Transport-Security: max-age=31536000; includeSubDomains; preload",Enforced HTTP Strict Transport Security (HSTS) to ensure all communications are encrypted over HTTPS.
PATCH-0006,nuclei-cwe-319-template,CWE-319 / N/A,Strict-Transport-Security: max-age=0,"- Strict-Transport-Security: max-age=0
+ Strict-Transport-Security: max-age=31536000; includeSubDomains; preload",Enforced HTTP Strict Transport Security (HSTS) to ensure all communications are encrypted over HTTPS.
PATCH-0007,nuclei-cwe-693-template,CWE-693 / N/A,"HTTP/1.1 200 OK
Server: nginx
Content-Type: text/html",+ Content-Security-Policy: default-src 'self'; script-src 'self' 'nonce-random123'; object-src 'none',Added Content-Security-Policy header to mitigate XSS vulnerabilities by restricting the sources of executable scripts.
PATCH-0008,nuclei-cwe-548-template,CWE-548 / N/A,"location /.git {
    autoindex on;
}","- autoindex on;
+ deny all;",Disabled directory listing and denied access to the .git directory to prevent source code and configuration exposure.
PATCH-0009,nuclei-cwe-319-template,CWE-319 / CVE-2023-4134,Strict-Transport-Security: max-age=0,"- Strict-Transport-Security: max-age=0
+ Strict-Transport-Security: max-age=31536000; includeSubDomains; preload",Enforced HTTP Strict Transport Security (HSTS) to ensure all communications are encrypted over HTTPS.
PATCH-0010,nuclei-cwe-200-template,CWE-200 / N/A,Server: Apache/2.4.41 (Ubuntu),"- Server: Apache/2.4.41 (Ubuntu)
+ Server: Apache",Removed verbose server version information from the Server header to thwart targeted automated attacks.
PATCH-0011,nuclei-cwe-200-template,CWE-200 / N/A,Server: Apache/2.4.41 (Ubuntu),"- Server: Apache/2.4.41 (Ubuntu)
+ Server: Apache",Removed verbose server version information from the Server header to thwart targeted automated attacks.
PATCH-0012,nuclei-cwe-942-template,CWE-942 / N/A,Access-Control-Allow-Origin: *,"- Access-Control-Allow-Origin: *
+ Access-Control-Allow-Origin: https://trusted-domain.com",Restricted CORS origin to a specific trusted domain instead of a wildcard to prevent unauthorized cross-origin resource access.
PATCH-0013,nuclei-cwe-548-template,CWE-548 / N/A,"location /.git {
    autoindex on;
}","- autoindex on;
+ deny all;",Disabled directory listing and denied access to the .git directory to prevent source code and configuration exposure.
PATCH-0014,nuclei-cwe-942-template,CWE-942 / N/A,Access-Control-Allow-Origin: *,"- Access-Control-Allow-Origin: *
+ Access-Control-Allow-Origin: https://trusted-domain.com",Restricted CORS origin to a specific trusted domain instead of a wildcard to prevent unauthorized cross-origin resource access.
PATCH-0015,nuclei-cwe-693-template,CWE-693 / CVE-2023-2112,"HTTP/1.1 200 OK
Server: nginx
Content-Type: text/html",+ Content-Security-Policy: default-src 'self'; script-src 'self' 'nonce-random123'; object-src 'none',Added Content-Security-Policy header to mitigate XSS vulnerabilities by restricting the sources of executable scripts.
PATCH-0016,nuclei-cwe-319-template,CWE-319 / CVE-2023-9637,Strict-Transport-Security: max-age=0,"- Strict-Transport-Security: max-age=0
+ Strict-Transport-Security: max-age=31536000; includeSubDomains; preload",Enforced HTTP Strict Transport Security (HSTS) to ensure all communications are encrypted over HTTPS.
PATCH-0017,nuclei-cwe-200-template,CWE-200 / N/A,Server: Apache/2.4.41 (Ubuntu),"- Server: Apache/2.4.41 (Ubuntu)
+ Server: Apache",Removed verbose server version information from the Server header to thwart targeted automated attacks.
PATCH-0018,nuclei-cwe-200-template,CWE-200 / N/A,Server: Apache/2.4.41 (Ubuntu),"- Server: Apache/2.4.41 (Ubuntu)
+ Server: Apache",Removed verbose server version information from the Server header to thwart targeted automated attacks.
PATCH-0019,nuclei-cwe-548-template,CWE-548 / N/A,"location /.git {
    autoindex on;
}","- autoindex on;
+ deny all;",Disabled directory listing and denied access to the .git directory to prevent source code and configuration exposure.
PATCH-0020,nuclei-cwe-693-template,CWE-693 / N/A,"HTTP/1.1 200 OK
Server: nginx
Content-Type: text/html",+ Content-Security-Policy: default-src 'self'; script-src 'self' 'nonce-random123'; object-src 'none',Added Content-Security-Policy header to mitigate XSS vulnerabilities by restricting the sources of executable scripts.
PATCH-0021,nuclei-cwe-200-template,CWE-200 / N/A,Server: Apache/2.4.41 (Ubuntu),"- Server: Apache/2.4.41 (Ubuntu)
+ Server: Apache",Removed verbose server version information from the Server header to thwart targeted automated attacks.
PATCH-0022,nuclei-cwe-200-template,CWE-200 / CVE-2023-2754,Server: Apache/2.4.41 (Ubuntu),"- Server: Apache/2.4.41 (Ubuntu)
+ Server: Apache",Removed verbose server version information from the Server header to thwart targeted automated attacks.
PATCH-0023,nuclei-cwe-548-template,CWE-548 / N/A,"location /.git {
    autoindex on;
}","- autoindex on;
+ deny all;",Disabled directory listing and denied access to the .git directory to prevent source code and configuration exposure.
PATCH-0024,nuclei-cwe-319-template,CWE-319 / CVE-2023-8483,Strict-Transport-Security: max-age=0,"- Strict-Transport-Security: max-age=0
+ Strict-Transport-Security: max-age=31536000; includeSubDomains; preload",Enforced HTTP Strict Transport Security (HSTS) to ensure all communications are encrypted over HTTPS.
PATCH-0025,nuclei-cwe-548-template,CWE-548 / N/A,"location /.git {
    autoindex on;
}","- autoindex on;
+ deny all;",Disabled directory listing and denied access to the .git directory to prevent source code and configuration exposure.
PATCH-0026,nuclei-cwe-693-template,CWE-693 / N/A,"HTTP/1.1 200 OK
Server: nginx
Content-Type: text/html",+ Content-Security-Policy: default-src 'self'; script-src 'self' 'nonce-random123'; object-src 'none',Added Content-Security-Policy header to mitigate XSS vulnerabilities by restricting the sources of executable scripts.
PATCH-0027,nuclei-cwe-693-template,CWE-693 / N/A,"HTTP/1.1 200 OK
Server: nginx
Content-Type: text/html",+ Content-Security-Policy: default-src 'self'; script-src 'self' 'nonce-random123'; object-src 'none',Added Content-Security-Policy header to mitigate XSS vulnerabilities by restricting the sources of executable scripts.
PATCH-0028,nuclei-cwe-200-template,CWE-200 / CVE-2023-2997,Server: Apache/2.4.41 (Ubuntu),"- Server: Apache/2.4.41 (Ubuntu)
+ Server: Apache",Removed verbose server version information from the Server header to thwart targeted automated attacks.
PATCH-0029,nuclei-cwe-200-template,CWE-200 / CVE-2023-2218,Server: Apache/2.4.41 (Ubuntu),"- Server: Apache/2.4.41 (Ubuntu)
+ Server: Apache",Removed verbose server version information from the Server header to thwart targeted automated attacks.
PATCH-0030,nuclei-cwe-548-template,CWE-548 / CVE-2023-2406,"location /.git {
    autoindex on;
}","- autoindex on;
+ deny all;",Disabled directory listing and denied access to the .git directory to prevent source code and configuration exposure.
PATCH-0031,nuclei-cwe-693-template,CWE-693 / N/A,"HTTP/1.1 200 OK
Server: nginx
Content-Type: text/html",+ Content-Security-Policy: default-src 'self'; script-src 'self' 'nonce-random123'; object-src 'none',Added Content-Security-Policy header to mitigate XSS vulnerabilities by restricting the sources of executable scripts.
PATCH-0032,nuclei-cwe-548-template,CWE-548 / N/A,"location /.git {
    autoindex on;
}","- autoindex on;
+ deny all;",Disabled directory listing and denied access to the .git directory to prevent source code and configuration exposure.
PATCH-0033,nuclei-cwe-319-template,CWE-319 / CVE-2023-2304,Strict-Transport-Security: max-age=0,"- Strict-Transport-Security: max-age=0
+ Strict-Transport-Security: max-age=31536000; includeSubDomains; preload",Enforced HTTP Strict Transport Security (HSTS) to ensure all communications are encrypted over HTTPS.
PATCH-0034,nuclei-cwe-319-template,CWE-319 / N/A,Strict-Transport-Security: max-age=0,"- Strict-Transport-Security: max-age=0
+ Strict-Transport-Security: max-age=31536000; includeSubDomains; preload",Enforced HTTP Strict Transport Security (HSTS) to ensure all communications are encrypted over HTTPS.
PATCH-0035,nuclei-cwe-548-template,CWE-548 / CVE-2023-3446,"location /.git {
    autoindex on;
}","- autoindex on;
+ deny all;",Disabled directory listing and denied access to the .git directory to prevent source code and configuration exposure.
PATCH-0036,nuclei-cwe-319-template,CWE-319 / N/A,Strict-Transport-Security: max-age=0,"- Strict-Transport-Security: max-age=0
+ Strict-Transport-Security: max-age=31536000; includeSubDomains; preload",Enforced HTTP Strict Transport Security (HSTS) to ensure all communications are encrypted over HTTPS.
PATCH-0037,nuclei-cwe-200-template,CWE-200 / N/A,Server: Apache/2.4.41 (Ubuntu),"- Server: Apache/2.4.41 (Ubuntu)
+ Server: Apache",Removed verbose server version information from the Server header to thwart targeted automated attacks.
PATCH-0038,nuclei-cwe-942-template,CWE-942 / N/A,Access-Control-Allow-Origin: *,"- Access-Control-Allow-Origin: *
+ Access-Control-Allow-Origin: https://trusted-domain.com",Restricted CORS origin to a specific trusted domain instead of a wildcard to prevent unauthorized cross-origin resource access.
PATCH-0039,nuclei-cwe-693-template,CWE-693 / CVE-2023-7196,"HTTP/1.1 200 OK
Server: nginx
Content-Type: text/html",+ Content-Security-Policy: default-src 'self'; script-src 'self' 'nonce-random123'; object-src 'none',Added Content-Security-Policy header to mitigate XSS vulnerabilities by restricting the sources of executable scripts.
PATCH-0040,nuclei-cwe-200-template,CWE-200 / N/A,Server: Apache/2.4.41 (Ubuntu),"- Server: Apache/2.4.41 (Ubuntu)
+ Server: Apache",Removed verbose server version information from the Server header to thwart targeted automated attacks.
PATCH-0041,nuclei-cwe-319-template,CWE-319 / CVE-2023-5291,Strict-Transport-Security: max-age=0,"- Strict-Transport-Security: max-age=0
+ Strict-Transport-Security: max-age=31536000; includeSubDomains; preload",Enforced HTTP Strict Transport Security (HSTS) to ensure all communications are encrypted over HTTPS.
PATCH-0042,nuclei-cwe-200-template,CWE-200 / N/A,Server: Apache/2.4.41 (Ubuntu),"- Server: Apache/2.4.41 (Ubuntu)
+ Server: Apache",Removed verbose server version information from the Server header to thwart targeted automated attacks.
PATCH-0043,nuclei-cwe-200-template,CWE-200 / CVE-2023-5071,Server: Apache/2.4.41 (Ubuntu),"- Server: Apache/2.4.41 (Ubuntu)
+ Server: Apache",Removed verbose server version information from the Server header to thwart targeted automated attacks.
PATCH-0044,nuclei-cwe-319-template,CWE-319 / N/A,Strict-Transport-Security: max-age=0,"- Strict-Transport-Security: max-age=0
+ Strict-Transport-Security: max-age=31536000; includeSubDomains; preload",Enforced HTTP Strict Transport Security (HSTS) to ensure all communications are encrypted over HTTPS.
PATCH-0045,nuclei-cwe-942-template,CWE-942 / N/A,Access-Control-Allow-Origin: *,"- Access-Control-Allow-Origin: *
+ Access-Control-Allow-Origin: https://trusted-domain.com",Restricted CORS origin to a specific trusted domain instead of a wildcard to prevent unauthorized cross-origin resource access.
PATCH-0046,nuclei-cwe-942-template,CWE-942 / CVE-2023-9793,Access-Control-Allow-Origin: *,"- Access-Control-Allow-Origin: *
+ Access-Control-Allow-Origin: https://trusted-domain.com",Restricted CORS origin to a specific trusted domain instead of a wildcard to prevent unauthorized cross-origin resource access.
PATCH-0047,nuclei-cwe-200-template,CWE-200 / CVE-2023-4384,Server: Apache/2.4.41 (Ubuntu),"- Server: Apache/2.4.41 (Ubuntu)
+ Server: Apache",Removed verbose server version information from the Server header to thwart targeted automated attacks.
PATCH-0048,nuclei-cwe-942-template,CWE-942 / N/A,Access-Control-Allow-Origin: *,"- Access-Control-Allow-Origin: *
+ Access-Control-Allow-Origin: https://trusted-domain.com",Restricted CORS origin to a specific trusted domain instead of a wildcard to prevent unauthorized cross-origin resource access.
PATCH-0049,nuclei-cwe-942-template,CWE-942 / CVE-2023-6475,Access-Control-Allow-Origin: *,"- Access-Control-Allow-Origin: *
+ Access-Control-Allow-Origin: https://trusted-domain.com",Restricted CORS origin to a specific trusted domain instead of a wildcard to prevent unauthorized cross-origin resource access.
PATCH-0050,nuclei-cwe-319-template,CWE-319 / CVE-2023-2898,Strict-Transport-Security: max-age=0,"- Strict-Transport-Security: max-age=0
+ Strict-Transport-Security: max-age=31536000; includeSubDomains; preload",Enforced HTTP Strict Transport Security (HSTS) to ensure all communications are encrypted over HTTPS.
PATCH-0051,nuclei-cwe-319-template,CWE-319 / CVE-2023-1688,Strict-Transport-Security: max-age=0,"- Strict-Transport-Security: max-age=0
+ Strict-Transport-Security: max-age=31536000; includeSubDomains; preload",Enforced HTTP Strict Transport Security (HSTS) to ensure all communications are encrypted over HTTPS.
PATCH-0052,nuclei-cwe-693-template,CWE-693 / CVE-2023-6405,"HTTP/1.1 200 OK
Server: nginx
Content-Type: text/html",+ Content-Security-Policy: default-src 'self'; script-src 'self' 'nonce-random123'; object-src 'none',Added Content-Security-Policy header to mitigate XSS vulnerabilities by restricting the sources of executable scripts.
PATCH-0053,nuclei-cwe-548-template,CWE-548 / CVE-2023-9296,"location /.git {
    autoindex on;
}","- autoindex on;
+ deny all;",Disabled directory listing and denied access to the .git directory to prevent source code and configuration exposure.
PATCH-0054,nuclei-cwe-548-template,CWE-548 / CVE-2023-9161,"location /.git {
    autoindex on;
}","- autoindex on;
+ deny all;",Disabled directory listing and denied access to the .git directory to prevent source code and configuration exposure.
PATCH-0055,nuclei-cwe-548-template,CWE-548 / N/A,"location /.git {
    autoindex on;
}","- autoindex on;
+ deny all;",Disabled directory listing and denied access to the .git directory to prevent source code and configuration exposure.
PATCH-0056,nuclei-cwe-319-template,CWE-319 / N/A,Strict-Transport-Security: max-age=0,"- Strict-Transport-Security: max-age=0
+ Strict-Transport-Security: max-age=31536000; includeSubDomains; preload",Enforced HTTP Strict Transport Security (HSTS) to ensure all communications are encrypted over HTTPS.
PATCH-0057,nuclei-cwe-942-template,CWE-942 / CVE-2023-7204,Access-Control-Allow-Origin: *,"- Access-Control-Allow-Origin: *
+ Access-Control-Allow-Origin: https://trusted-domain.com",Restricted CORS origin to a specific trusted domain instead of a wildcard to prevent unauthorized cross-origin resource access.
PATCH-0058,nuclei-cwe-200-template,CWE-200 / N/A,Server: Apache/2.4.41 (Ubuntu),"- Server: Apache/2.4.41 (Ubuntu)
+ Server: Apache",Removed verbose server version information from the Server header to thwart targeted automated attacks.
PATCH-0059,nuclei-cwe-319-template,CWE-319 / N/A,Strict-Transport-Security: max-age=0,"- Strict-Transport-Security: max-age=0
+ Strict-Transport-Security: max-age=31536000; includeSubDomains; preload",Enforced HTTP Strict Transport Security (HSTS) to ensure all communications are encrypted over HTTPS.
PATCH-0060,nuclei-cwe-693-template,CWE-693 / N/A,"HTTP/1.1 200 OK
Server: nginx
Content-Type: text/html",+ Content-Security-Policy: default-src 'self'; script-src 'self' 'nonce-random123'; object-src 'none',Added Content-Security-Policy header to mitigate XSS vulnerabilities by restricting the sources of executable scripts.
PATCH-0061,nuclei-cwe-319-template,CWE-319 / N/A,Strict-Transport-Security: max-age=0,"- Strict-Transport-Security: max-age=0
+ Strict-Transport-Security: max-age=31536000; includeSubDomains; preload",Enforced HTTP Strict Transport Security (HSTS) to ensure all communications are encrypted over HTTPS.
PATCH-0062,nuclei-cwe-548-template,CWE-548 / N/A,"location /.git {
    autoindex on;
}","- autoindex on;
+ deny all;",Disabled directory listing and denied access to the .git directory to prevent source code and configuration exposure.
PATCH-0063,nuclei-cwe-319-template,CWE-319 / N/A,Strict-Transport-Security: max-age=0,"- Strict-Transport-Security: max-age=0
+ Strict-Transport-Security: max-age=31536000; includeSubDomains; preload",Enforced HTTP Strict Transport Security (HSTS) to ensure all communications are encrypted over HTTPS.
PATCH-0064,nuclei-cwe-548-template,CWE-548 / N/A,"location /.git {
    autoindex on;
}","- autoindex on;
+ deny all;",Disabled directory listing and denied access to the .git directory to prevent source code and configuration exposure.
PATCH-0065,nuclei-cwe-319-template,CWE-319 / N/A,Strict-Transport-Security: max-age=0,"- Strict-Transport-Security: max-age=0
+ Strict-Transport-Security: max-age=31536000; includeSubDomains; preload",Enforced HTTP Strict Transport Security (HSTS) to ensure all communications are encrypted over HTTPS.
PATCH-0066,nuclei-cwe-548-template,CWE-548 / CVE-2023-5198,"location /.git {
    autoindex on;
}","- autoindex on;
+ deny all;",Disabled directory listing and denied access to the .git directory to prevent source code and configuration exposure.
PATCH-0067,nuclei-cwe-942-template,CWE-942 / CVE-2023-8167,Access-Control-Allow-Origin: *,"- Access-Control-Allow-Origin: *
+ Access-Control-Allow-Origin: https://trusted-domain.com",Restricted CORS origin to a specific trusted domain instead of a wildcard to prevent unauthorized cross-origin resource access.
PATCH-0068,nuclei-cwe-200-template,CWE-200 / CVE-2023-2565,Server: Apache/2.4.41 (Ubuntu),"- Server: Apache/2.4.41 (Ubuntu)
+ Server: Apache",Removed verbose server version information from the Server header to thwart targeted automated attacks.
PATCH-0069,nuclei-cwe-693-template,CWE-693 / CVE-2023-2535,"HTTP/1.1 200 OK
Server: nginx
Content-Type: text/html",+ Content-Security-Policy: default-src 'self'; script-src 'self' 'nonce-random123'; object-src 'none',Added Content-Security-Policy header to mitigate XSS vulnerabilities by restricting the sources of executable scripts.
PATCH-0070,nuclei-cwe-693-template,CWE-693 / CVE-2023-1626,"HTTP/1.1 200 OK
Server: nginx
Content-Type: text/html",+ Content-Security-Policy: default-src 'self'; script-src 'self' 'nonce-random123'; object-src 'none',Added Content-Security-Policy header to mitigate XSS vulnerabilities by restricting the sources of executable scripts.
PATCH-0071,nuclei-cwe-200-template,CWE-200 / CVE-2023-5877,Server: Apache/2.4.41 (Ubuntu),"- Server: Apache/2.4.41 (Ubuntu)
+ Server: Apache",Removed verbose server version information from the Server header to thwart targeted automated attacks.
PATCH-0072,nuclei-cwe-693-template,CWE-693 / N/A,"HTTP/1.1 200 OK
Server: nginx
Content-Type: text/html",+ Content-Security-Policy: default-src 'self'; script-src 'self' 'nonce-random123'; object-src 'none',Added Content-Security-Policy header to mitigate XSS vulnerabilities by restricting the sources of executable scripts.
PATCH-0073,nuclei-cwe-548-template,CWE-548 / CVE-2023-1321,"location /.git {
    autoindex on;
}","- autoindex on;
+ deny all;",Disabled directory listing and denied access to the .git directory to prevent source code and configuration exposure.
PATCH-0074,nuclei-cwe-693-template,CWE-693 / N/A,"HTTP/1.1 200 OK
Server: nginx
Content-Type: text/html",+ Content-Security-Policy: default-src 'self'; script-src 'self' 'nonce-random123'; object-src 'none',Added Content-Security-Policy header to mitigate XSS vulnerabilities by restricting the sources of executable scripts.
PATCH-0075,nuclei-cwe-200-template,CWE-200 / N/A,Server: Apache/2.4.41 (Ubuntu),"- Server: Apache/2.4.41 (Ubuntu)
+ Server: Apache",Removed verbose server version information from the Server header to thwart targeted automated attacks.
PATCH-0076,nuclei-cwe-319-template,CWE-319 / CVE-2023-9689,Strict-Transport-Security: max-age=0,"- Strict-Transport-Security: max-age=0
+ Strict-Transport-Security: max-age=31536000; includeSubDomains; preload",Enforced HTTP Strict Transport Security (HSTS) to ensure all communications are encrypted over HTTPS.
PATCH-0077,nuclei-cwe-548-template,CWE-548 / N/A,"location /.git {
    autoindex on;
}","- autoindex on;
+ deny all;",Disabled directory listing and denied access to the .git directory to prevent source code and configuration exposure.
PATCH-0078,nuclei-cwe-200-template,CWE-200 / N/A,Server: Apache/2.4.41 (Ubuntu),"- Server: Apache/2.4.41 (Ubuntu)
+ Server: Apache",Removed verbose server version information from the Server header to thwart targeted automated attacks.
PATCH-0079,nuclei-cwe-693-template,CWE-693 / CVE-2023-2895,"HTTP/1.1 200 OK
Server: nginx
Content-Type: text/html",+ Content-Security-Policy: default-src 'self'; script-src 'self' 'nonce-random123'; object-src 'none',Added Content-Security-Policy header to mitigate XSS vulnerabilities by restricting the sources of executable scripts.
PATCH-0080,nuclei-cwe-942-template,CWE-942 / N/A,Access-Control-Allow-Origin: *,"- Access-Control-Allow-Origin: *
+ Access-Control-Allow-Origin: https://trusted-domain.com",Restricted CORS origin to a specific trusted domain instead of a wildcard to prevent unauthorized cross-origin resource access.
PATCH-0081,nuclei-cwe-548-template,CWE-548 / CVE-2023-9273,"location /.git {
    autoindex on;
}","- autoindex on;
+ deny all;",Disabled directory listing and denied access to the .git directory to prevent source code and configuration exposure.
PATCH-0082,nuclei-cwe-200-template,CWE-200 / N/A,Server: Apache/2.4.41 (Ubuntu),"- Server: Apache/2.4.41 (Ubuntu)
+ Server: Apache",Removed verbose server version information from the Server header to thwart targeted automated attacks.
PATCH-0083,nuclei-cwe-548-template,CWE-548 / N/A,"location /.git {
    autoindex on;
}","- autoindex on;
+ deny all;",Disabled directory listing and denied access to the .git directory to prevent source code and configuration exposure.
PATCH-0084,nuclei-cwe-200-template,CWE-200 / CVE-2023-3621,Server: Apache/2.4.41 (Ubuntu),"- Server: Apache/2.4.41 (Ubuntu)
+ Server: Apache",Removed verbose server version information from the Server header to thwart targeted automated attacks.
PATCH-0085,nuclei-cwe-319-template,CWE-319 / N/A,Strict-Transport-Security: max-age=0,"- Strict-Transport-Security: max-age=0
+ Strict-Transport-Security: max-age=31536000; includeSubDomains; preload",Enforced HTTP Strict Transport Security (HSTS) to ensure all communications are encrypted over HTTPS.
PATCH-0086,nuclei-cwe-319-template,CWE-319 / N/A,Strict-Transport-Security: max-age=0,"- Strict-Transport-Security: max-age=0
+ Strict-Transport-Security: max-age=31536000; includeSubDomains; preload",Enforced HTTP Strict Transport Security (HSTS) to ensure all communications are encrypted over HTTPS.
PATCH-0087,nuclei-cwe-693-template,CWE-693 / CVE-2023-7468,"HTTP/1.1 200 OK
Server: nginx
Content-Type: text/html",+ Content-Security-Policy: default-src 'self'; script-src 'self' 'nonce-random123'; object-src 'none',Added Content-Security-Policy header to mitigate XSS vulnerabilities by restricting the sources of executable scripts.
PATCH-0088,nuclei-cwe-200-template,CWE-200 / N/A,Server: Apache/2.4.41 (Ubuntu),"- Server: Apache/2.4.41 (Ubuntu)
+ Server: Apache",Removed verbose server version information from the Server header to thwart targeted automated attacks.
PATCH-0089,nuclei-cwe-548-template,CWE-548 / CVE-2023-9547,"location /.git {
    autoindex on;
}","- autoindex on;
+ deny all;",Disabled directory listing and denied access to the .git directory to prevent source code and configuration exposure.
PATCH-0090,nuclei-cwe-200-template,CWE-200 / CVE-2023-5882,Server: Apache/2.4.41 (Ubuntu),"- Server: Apache/2.4.41 (Ubuntu)
+ Server: Apache",Removed verbose server version information from the Server header to thwart targeted automated attacks.
PATCH-0091,nuclei-cwe-942-template,CWE-942 / N/A,Access-Control-Allow-Origin: *,"- Access-Control-Allow-Origin: *
+ Access-Control-Allow-Origin: https://trusted-domain.com",Restricted CORS origin to a specific trusted domain instead of a wildcard to prevent unauthorized cross-origin resource access.
PATCH-0092,nuclei-cwe-548-template,CWE-548 / N/A,"location /.git {
    autoindex on;
}","- autoindex on;
+ deny all;",Disabled directory listing and denied access to the .git directory to prevent source code and configuration exposure.
PATCH-0093,nuclei-cwe-200-template,CWE-200 / CVE-2023-1117,Server: Apache/2.4.41 (Ubuntu),"- Server: Apache/2.4.41 (Ubuntu)
+ Server: Apache",Removed verbose server version information from the Server header to thwart targeted automated attacks.
PATCH-0094,nuclei-cwe-200-template,CWE-200 / CVE-2023-2190,Server: Apache/2.4.41 (Ubuntu),"- Server: Apache/2.4.41 (Ubuntu)
+ Server: Apache",Removed verbose server version information from the Server header to thwart targeted automated attacks.
PATCH-0095,nuclei-cwe-942-template,CWE-942 / CVE-2023-3489,Access-Control-Allow-Origin: *,"- Access-Control-Allow-Origin: *
+ Access-Control-Allow-Origin: https://trusted-domain.com",Restricted CORS origin to a specific trusted domain instead of a wildcard to prevent unauthorized cross-origin resource access.
PATCH-0096,nuclei-cwe-693-template,CWE-693 / CVE-2023-2659,"HTTP/1.1 200 OK
Server: nginx
Content-Type: text/html",+ Content-Security-Policy: default-src 'self'; script-src 'self' 'nonce-random123'; object-src 'none',Added Content-Security-Policy header to mitigate XSS vulnerabilities by restricting the sources of executable scripts.
PATCH-0097,nuclei-cwe-693-template,CWE-693 / CVE-2023-2235,"HTTP/1.1 200 OK
Server: nginx
Content-Type: text/html",+ Content-Security-Policy: default-src 'self'; script-src 'self' 'nonce-random123'; object-src 'none',Added Content-Security-Policy header to mitigate XSS vulnerabilities by restricting the sources of executable scripts.
PATCH-0098,nuclei-cwe-319-template,CWE-319 / CVE-2023-5097,Strict-Transport-Security: max-age=0,"- Strict-Transport-Security: max-age=0
+ Strict-Transport-Security: max-age=31536000; includeSubDomains; preload",Enforced HTTP Strict Transport Security (HSTS) to ensure all communications are encrypted over HTTPS.
PATCH-0099,nuclei-cwe-200-template,CWE-200 / N/A,Server: Apache/2.4.41 (Ubuntu),"- Server: Apache/2.4.41 (Ubuntu)
+ Server: Apache",Removed verbose server version information from the Server header to thwart targeted automated attacks.
PATCH-0100,nuclei-cwe-548-template,CWE-548 / N/A,"location /.git {
    autoindex on;
}","- autoindex on;
+ deny all;",Disabled directory listing and denied access to the .git directory to prevent source code and configuration exposure.
PATCH-0101,nuclei-cwe-548-template,CWE-548 / N/A,"location /.git {
    autoindex on;
}","- autoindex on;
+ deny all;",Disabled directory listing and denied access to the .git directory to prevent source code and configuration exposure.
PATCH-0102,nuclei-cwe-319-template,CWE-319 / CVE-2023-3823,Strict-Transport-Security: max-age=0,"- Strict-Transport-Security: max-age=0
+ Strict-Transport-Security: max-age=31536000; includeSubDomains; preload",Enforced HTTP Strict Transport Security (HSTS) to ensure all communications are encrypted over HTTPS.
PATCH-0103,nuclei-cwe-942-template,CWE-942 / N/A,Access-Control-Allow-Origin: *,"- Access-Control-Allow-Origin: *
+ Access-Control-Allow-Origin: https://trusted-domain.com",Restricted CORS origin to a specific trusted domain instead of a wildcard to prevent unauthorized cross-origin resource access.
PATCH-0104,nuclei-cwe-319-template,CWE-319 / N/A,Strict-Transport-Security: max-age=0,"- Strict-Transport-Security: max-age=0
+ Strict-Transport-Security: max-age=31536000; includeSubDomains; preload",Enforced HTTP Strict Transport Security (HSTS) to ensure all communications are encrypted over HTTPS.
PATCH-0105,nuclei-cwe-548-template,CWE-548 / CVE-2023-2312,"location /.git {
    autoindex on;
}","- autoindex on;
+ deny all;",Disabled directory listing and denied access to the .git directory to prevent source code and configuration exposure.
PATCH-0106,nuclei-cwe-693-template,CWE-693 / N/A,"HTTP/1.1 200 OK
Server: nginx
Content-Type: text/html",+ Content-Security-Policy: default-src 'self'; script-src 'self' 'nonce-random123'; object-src 'none',Added Content-Security-Policy header to mitigate XSS vulnerabilities by restricting the sources of executable scripts.
PATCH-0107,nuclei-cwe-693-template,CWE-693 / CVE-2023-7200,"HTTP/1.1 200 OK
Server: nginx
Content-Type: text/html",+ Content-Security-Policy: default-src 'self'; script-src 'self' 'nonce-random123'; object-src 'none',Added Content-Security-Policy header to mitigate XSS vulnerabilities by restricting the sources of executable scripts.
PATCH-0108,nuclei-cwe-942-template,CWE-942 / N/A,Access-Control-Allow-Origin: *,"- Access-Control-Allow-Origin: *
+ Access-Control-Allow-Origin: https://trusted-domain.com",Restricted CORS origin to a specific trusted domain instead of a wildcard to prevent unauthorized cross-origin resource access.
PATCH-0109,nuclei-cwe-548-template,CWE-548 / CVE-2023-9457,"location /.git {
    autoindex on;
}","- autoindex on;
+ deny all;",Disabled directory listing and denied access to the .git directory to prevent source code and configuration exposure.
PATCH-0110,nuclei-cwe-942-template,CWE-942 / N/A,Access-Control-Allow-Origin: *,"- Access-Control-Allow-Origin: *
+ Access-Control-Allow-Origin: https://trusted-domain.com",Restricted CORS origin to a specific trusted domain instead of a wildcard to prevent unauthorized cross-origin resource access.
PATCH-0111,nuclei-cwe-693-template,CWE-693 / N/A,"HTTP/1.1 200 OK
Server: nginx
Content-Type: text/html",+ Content-Security-Policy: default-src 'self'; script-src 'self' 'nonce-random123'; object-src 'none',Added Content-Security-Policy header to mitigate XSS vulnerabilities by restricting the sources of executable scripts.
PATCH-0112,nuclei-cwe-319-template,CWE-319 / CVE-2023-5780,Strict-Transport-Security: max-age=0,"- Strict-Transport-Security: max-age=0
+ Strict-Transport-Security: max-age=31536000; includeSubDomains; preload",Enforced HTTP Strict Transport Security (HSTS) to ensure all communications are encrypted over HTTPS.
PATCH-0113,nuclei-cwe-319-template,CWE-319 / N/A,Strict-Transport-Security: max-age=0,"- Strict-Transport-Security: max-age=0
+ Strict-Transport-Security: max-age=31536000; includeSubDomains; preload",Enforced HTTP Strict Transport Security (HSTS) to ensure all communications are encrypted over HTTPS.
PATCH-0114,nuclei-cwe-319-template,CWE-319 / CVE-2023-5061,Strict-Transport-Security: max-age=0,"- Strict-Transport-Security: max-age=0
+ Strict-Transport-Security: max-age=31536000; includeSubDomains; preload",Enforced HTTP Strict Transport Security (HSTS) to ensure all communications are encrypted over HTTPS.
PATCH-0115,nuclei-cwe-548-template,CWE-548 / CVE-2023-5612,"location /.git {
    autoindex on;
}","- autoindex on;
+ deny all;",Disabled directory listing and denied access to the .git directory to prevent source code and configuration exposure.
PATCH-0116,nuclei-cwe-942-template,CWE-942 / CVE-2023-4742,Access-Control-Allow-Origin: *,"- Access-Control-Allow-Origin: *
+ Access-Control-Allow-Origin: https://trusted-domain.com",Restricted CORS origin to a specific trusted domain instead of a wildcard to prevent unauthorized cross-origin resource access.
PATCH-0117,nuclei-cwe-319-template,CWE-319 / N/A,Strict-Transport-Security: max-age=0,"- Strict-Transport-Security: max-age=0
+ Strict-Transport-Security: max-age=31536000; includeSubDomains; preload",Enforced HTTP Strict Transport Security (HSTS) to ensure all communications are encrypted over HTTPS.
PATCH-0118,nuclei-cwe-200-template,CWE-200 / N/A,Server: Apache/2.4.41 (Ubuntu),"- Server: Apache/2.4.41 (Ubuntu)
+ Server: Apache",Removed verbose server version information from the Server header to thwart targeted automated attacks.
PATCH-0119,nuclei-cwe-548-template,CWE-548 / CVE-2023-5315,"location /.git {
    autoindex on;
}","- autoindex on;
+ deny all;",Disabled directory listing and denied access to the .git directory to prevent source code and configuration exposure.
PATCH-0120,nuclei-cwe-548-template,CWE-548 / CVE-2023-5633,"location /.git {
    autoindex on;
}","- autoindex on;
+ deny all;",Disabled directory listing and denied access to the .git directory to prevent source code and configuration exposure.
PATCH-0121,nuclei-cwe-319-template,CWE-319 / N/A,Strict-Transport-Security: max-age=0,"- Strict-Transport-Security: max-age=0
+ Strict-Transport-Security: max-age=31536000; includeSubDomains; preload",Enforced HTTP Strict Transport Security (HSTS) to ensure all communications are encrypted over HTTPS.
PATCH-0122,nuclei-cwe-319-template,CWE-319 / CVE-2023-5139,Strict-Transport-Security: max-age=0,"- Strict-Transport-Security: max-age=0
+ Strict-Transport-Security: max-age=31536000; includeSubDomains; preload",Enforced HTTP Strict Transport Security (HSTS) to ensure all communications are encrypted over HTTPS.
PATCH-0123,nuclei-cwe-942-template,CWE-942 / N/A,Access-Control-Allow-Origin: *,"- Access-Control-Allow-Origin: *
+ Access-Control-Allow-Origin: https://trusted-domain.com",Restricted CORS origin to a specific trusted domain instead of a wildcard to prevent unauthorized cross-origin resource access.
PATCH-0124,nuclei-cwe-693-template,CWE-693 / N/A,"HTTP/1.1 200 OK
Server: nginx
Content-Type: text/html",+ Content-Security-Policy: default-src 'self'; script-src 'self' 'nonce-random123'; object-src 'none',Added Content-Security-Policy header to mitigate XSS vulnerabilities by restricting the sources of executable scripts.
PATCH-0125,nuclei-cwe-942-template,CWE-942 / N/A,Access-Control-Allow-Origin: *,"- Access-Control-Allow-Origin: *
+ Access-Control-Allow-Origin: https://trusted-domain.com",Restricted CORS origin to a specific trusted domain instead of a wildcard to prevent unauthorized cross-origin resource access.
PATCH-0126,nuclei-cwe-693-template,CWE-693 / CVE-2023-4982,"HTTP/1.1 200 OK
Server: nginx
Content-Type: text/html",+ Content-Security-Policy: default-src 'self'; script-src 'self' 'nonce-random123'; object-src 'none',Added Content-Security-Policy header to mitigate XSS vulnerabilities by restricting the sources of executable scripts.
PATCH-0127,nuclei-cwe-693-template,CWE-693 / N/A,"HTTP/1.1 200 OK
Server: nginx
Content-Type: text/html",+ Content-Security-Policy: default-src 'self'; script-src 'self' 'nonce-random123'; object-src 'none',Added Content-Security-Policy header to mitigate XSS vulnerabilities by restricting the sources of executable scripts.
PATCH-0128,nuclei-cwe-693-template,CWE-693 / N/A,"HTTP/1.1 200 OK
Server: nginx
Content-Type: text/html",+ Content-Security-Policy: default-src 'self'; script-src 'self' 'nonce-random123'; object-src 'none',Added Content-Security-Policy header to mitigate XSS vulnerabilities by restricting the sources of executable scripts.
PATCH-0129,nuclei-cwe-693-template,CWE-693 / N/A,"HTTP/1.1 200 OK
Server: nginx
Content-Type: text/html",+ Content-Security-Policy: default-src 'self'; script-src 'self' 'nonce-random123'; object-src 'none',Added Content-Security-Policy header to mitigate XSS vulnerabilities by restricting the sources of executable scripts.
PATCH-0130,nuclei-cwe-200-template,CWE-200 / N/A,Server: Apache/2.4.41 (Ubuntu),"- Server: Apache/2.4.41 (Ubuntu)
+ Server: Apache",Removed verbose server version information from the Server header to thwart targeted automated attacks.
PATCH-0131,nuclei-cwe-548-template,CWE-548 / N/A,"location /.git {
    autoindex on;
}","- autoindex on;
+ deny all;",Disabled directory listing and denied access to the .git directory to prevent source code and configuration exposure.
PATCH-0132,nuclei-cwe-548-template,CWE-548 / CVE-2023-5585,"location /.git {
    autoindex on;
}","- autoindex on;
+ deny all;",Disabled directory listing and denied access to the .git directory to prevent source code and configuration exposure.
PATCH-0133,nuclei-cwe-319-template,CWE-319 / N/A,Strict-Transport-Security: max-age=0,"- Strict-Transport-Security: max-age=0
+ Strict-Transport-Security: max-age=31536000; includeSubDomains; preload",Enforced HTTP Strict Transport Security (HSTS) to ensure all communications are encrypted over HTTPS.
PATCH-0134,nuclei-cwe-200-template,CWE-200 / N/A,Server: Apache/2.4.41 (Ubuntu),"- Server: Apache/2.4.41 (Ubuntu)
+ Server: Apache",Removed verbose server version information from the Server header to thwart targeted automated attacks.
PATCH-0135,nuclei-cwe-200-template,CWE-200 / CVE-2023-4249,Server: Apache/2.4.41 (Ubuntu),"- Server: Apache/2.4.41 (Ubuntu)
+ Server: Apache",Removed verbose server version information from the Server header to thwart targeted automated attacks.
PATCH-0136,nuclei-cwe-548-template,CWE-548 / N/A,"location /.git {
    autoindex on;
}","- autoindex on;
+ deny all;",Disabled directory listing and denied access to the .git directory to prevent source code and configuration exposure.
PATCH-0137,nuclei-cwe-942-template,CWE-942 / CVE-2023-7223,Access-Control-Allow-Origin: *,"- Access-Control-Allow-Origin: *
+ Access-Control-Allow-Origin: https://trusted-domain.com",Restricted CORS origin to a specific trusted domain instead of a wildcard to prevent unauthorized cross-origin resource access.
PATCH-0138,nuclei-cwe-319-template,CWE-319 / CVE-2023-1054,Strict-Transport-Security: max-age=0,"- Strict-Transport-Security: max-age=0
+ Strict-Transport-Security: max-age=31536000; includeSubDomains; preload",Enforced HTTP Strict Transport Security (HSTS) to ensure all communications are encrypted over HTTPS.
PATCH-0139,nuclei-cwe-942-template,CWE-942 / N/A,Access-Control-Allow-Origin: *,"- Access-Control-Allow-Origin: *
+ Access-Control-Allow-Origin: https://trusted-domain.com",Restricted CORS origin to a specific trusted domain instead of a wildcard to prevent unauthorized cross-origin resource access.
PATCH-0140,nuclei-cwe-693-template,CWE-693 / CVE-2023-2092,"HTTP/1.1 200 OK
Server: nginx
Content-Type: text/html",+ Content-Security-Policy: default-src 'self'; script-src 'self' 'nonce-random123'; object-src 'none',Added Content-Security-Policy header to mitigate XSS vulnerabilities by restricting the sources of executable scripts.
PATCH-0141,nuclei-cwe-942-template,CWE-942 / CVE-2023-2871,Access-Control-Allow-Origin: *,"- Access-Control-Allow-Origin: *
+ Access-Control-Allow-Origin: https://trusted-domain.com",Restricted CORS origin to a specific trusted domain instead of a wildcard to prevent unauthorized cross-origin resource access.
PATCH-0142,nuclei-cwe-942-template,CWE-942 / CVE-2023-4467,Access-Control-Allow-Origin: *,"- Access-Control-Allow-Origin: *
+ Access-Control-Allow-Origin: https://trusted-domain.com",Restricted CORS origin to a specific trusted domain instead of a wildcard to prevent unauthorized cross-origin resource access.
PATCH-0143,nuclei-cwe-200-template,CWE-200 / N/A,Server: Apache/2.4.41 (Ubuntu),"- Server: Apache/2.4.41 (Ubuntu)
+ Server: Apache",Removed verbose server version information from the Server header to thwart targeted automated attacks.
PATCH-0144,nuclei-cwe-693-template,CWE-693 / CVE-2023-9809,"HTTP/1.1 200 OK
Server: nginx
Content-Type: text/html",+ Content-Security-Policy: default-src 'self'; script-src 'self' 'nonce-random123'; object-src 'none',Added Content-Security-Policy header to mitigate XSS vulnerabilities by restricting the sources of executable scripts.
PATCH-0145,nuclei-cwe-942-template,CWE-942 / CVE-2023-7134,Access-Control-Allow-Origin: *,"- Access-Control-Allow-Origin: *
+ Access-Control-Allow-Origin: https://trusted-domain.com",Restricted CORS origin to a specific trusted domain instead of a wildcard to prevent unauthorized cross-origin resource access.
PATCH-0146,nuclei-cwe-200-template,CWE-200 / CVE-2023-7859,Server: Apache/2.4.41 (Ubuntu),"- Server: Apache/2.4.41 (Ubuntu)
+ Server: Apache",Removed verbose server version information from the Server header to thwart targeted automated attacks.
PATCH-0147,nuclei-cwe-693-template,CWE-693 / CVE-2023-5008,"HTTP/1.1 200 OK
Server: nginx
Content-Type: text/html",+ Content-Security-Policy: default-src 'self'; script-src 'self' 'nonce-random123'; object-src 'none',Added Content-Security-Policy header to mitigate XSS vulnerabilities by restricting the sources of executable scripts.
PATCH-0148,nuclei-cwe-693-template,CWE-693 / CVE-2023-5099,"HTTP/1.1 200 OK
Server: nginx
Content-Type: text/html",+ Content-Security-Policy: default-src 'self'; script-src 'self' 'nonce-random123'; object-src 'none',Added Content-Security-Policy header to mitigate XSS vulnerabilities by restricting the sources of executable scripts.
PATCH-0149,nuclei-cwe-319-template,CWE-319 / N/A,Strict-Transport-Security: max-age=0,"- Strict-Transport-Security: max-age=0
+ Strict-Transport-Security: max-age=31536000; includeSubDomains; preload",Enforced HTTP Strict Transport Security (HSTS) to ensure all communications are encrypted over HTTPS.
PATCH-0150,nuclei-cwe-548-template,CWE-548 / CVE-2023-8758,"location /.git {
    autoindex on;
}","- autoindex on;
+ deny all;",Disabled directory listing and denied access to the .git directory to prevent source code and configuration exposure.
PATCH-0151,nuclei-cwe-200-template,CWE-200 / N/A,Server: Apache/2.4.41 (Ubuntu),"- Server: Apache/2.4.41 (Ubuntu)
+ Server: Apache",Removed verbose server version information from the Server header to thwart targeted automated attacks.
PATCH-0152,nuclei-cwe-200-template,CWE-200 / CVE-2023-4066,Server: Apache/2.4.41 (Ubuntu),"- Server: Apache/2.4.41 (Ubuntu)
+ Server: Apache",Removed verbose server version information from the Server header to thwart targeted automated attacks.
PATCH-0153,nuclei-cwe-200-template,CWE-200 / N/A,Server: Apache/2.4.41 (Ubuntu),"- Server: Apache/2.4.41 (Ubuntu)
+ Server: Apache",Removed verbose server version information from the Server header to thwart targeted automated attacks.
PATCH-0154,nuclei-cwe-693-template,CWE-693 / N/A,"HTTP/1.1 200 OK
Server: nginx
Content-Type: text/html",+ Content-Security-Policy: default-src 'self'; script-src 'self' 'nonce-random123'; object-src 'none',Added Content-Security-Policy header to mitigate XSS vulnerabilities by restricting the sources of executable scripts.
PATCH-0155,nuclei-cwe-693-template,CWE-693 / CVE-2023-6841,"HTTP/1.1 200 OK
Server: nginx
Content-Type: text/html",+ Content-Security-Policy: default-src 'self'; script-src 'self' 'nonce-random123'; object-src 'none',Added Content-Security-Policy header to mitigate XSS vulnerabilities by restricting the sources of executable scripts.
PATCH-0156,nuclei-cwe-548-template,CWE-548 / CVE-2023-3414,"location /.git {
    autoindex on;
}","- autoindex on;
+ deny all;",Disabled directory listing and denied access to the .git directory to prevent source code and configuration exposure.
PATCH-0157,nuclei-cwe-942-template,CWE-942 / CVE-2023-5485,Access-Control-Allow-Origin: *,"- Access-Control-Allow-Origin: *
+ Access-Control-Allow-Origin: https://trusted-domain.com",Restricted CORS origin to a specific trusted domain instead of a wildcard to prevent unauthorized cross-origin resource access.
PATCH-0158,nuclei-cwe-200-template,CWE-200 / CVE-2023-5010,Server: Apache/2.4.41 (Ubuntu),"- Server: Apache/2.4.41 (Ubuntu)
+ Server: Apache",Removed verbose server version information from the Server header to thwart targeted automated attacks.
PATCH-0159,nuclei-cwe-942-template,CWE-942 / N/A,Access-Control-Allow-Origin: *,"- Access-Control-Allow-Origin: *
+ Access-Control-Allow-Origin: https://trusted-domain.com",Restricted CORS origin to a specific trusted domain instead of a wildcard to prevent unauthorized cross-origin resource access.
PATCH-0160,nuclei-cwe-942-template,CWE-942 / CVE-2023-8897,Access-Control-Allow-Origin: *,"- Access-Control-Allow-Origin: *
+ Access-Control-Allow-Origin: https://trusted-domain.com",Restricted CORS origin to a specific trusted domain instead of a wildcard to prevent unauthorized cross-origin resource access.
PATCH-0161,nuclei-cwe-319-template,CWE-319 / N/A,Strict-Transport-Security: max-age=0,"- Strict-Transport-Security: max-age=0
+ Strict-Transport-Security: max-age=31536000; includeSubDomains; preload",Enforced HTTP Strict Transport Security (HSTS) to ensure all communications are encrypted over HTTPS.
PATCH-0162,nuclei-cwe-319-template,CWE-319 / N/A,Strict-Transport-Security: max-age=0,"- Strict-Transport-Security: max-age=0
+ Strict-Transport-Security: max-age=31536000; includeSubDomains; preload",Enforced HTTP Strict Transport Security (HSTS) to ensure all communications are encrypted over HTTPS.
PATCH-0163,nuclei-cwe-693-template,CWE-693 / CVE-2023-1461,"HTTP/1.1 200 OK
Server: nginx
Content-Type: text/html",+ Content-Security-Policy: default-src 'self'; script-src 'self' 'nonce-random123'; object-src 'none',Added Content-Security-Policy header to mitigate XSS vulnerabilities by restricting the sources of executable scripts.
PATCH-0164,nuclei-cwe-942-template,CWE-942 / CVE-2023-9913,Access-Control-Allow-Origin: *,"- Access-Control-Allow-Origin: *
+ Access-Control-Allow-Origin: https://trusted-domain.com",Restricted CORS origin to a specific trusted domain instead of a wildcard to prevent unauthorized cross-origin resource access.
PATCH-0165,nuclei-cwe-200-template,CWE-200 / N/A,Server: Apache/2.4.41 (Ubuntu),"- Server: Apache/2.4.41 (Ubuntu)
+ Server: Apache",Removed verbose server version information from the Server header to thwart targeted automated attacks.
PATCH-0166,nuclei-cwe-942-template,CWE-942 / N/A,Access-Control-Allow-Origin: *,"- Access-Control-Allow-Origin: *
+ Access-Control-Allow-Origin: https://trusted-domain.com",Restricted CORS origin to a specific trusted domain instead of a wildcard to prevent unauthorized cross-origin resource access.
PATCH-0167,nuclei-cwe-942-template,CWE-942 / N/A,Access-Control-Allow-Origin: *,"- Access-Control-Allow-Origin: *
+ Access-Control-Allow-Origin: https://trusted-domain.com",Restricted CORS origin to a specific trusted domain instead of a wildcard to prevent unauthorized cross-origin resource access.
PATCH-0168,nuclei-cwe-319-template,CWE-319 / CVE-2023-7492,Strict-Transport-Security: max-age=0,"- Strict-Transport-Security: max-age=0
+ Strict-Transport-Security: max-age=31536000; includeSubDomains; preload",Enforced HTTP Strict Transport Security (HSTS) to ensure all communications are encrypted over HTTPS.
PATCH-0169,nuclei-cwe-548-template,CWE-548 / N/A,"location /.git {
    autoindex on;
}","- autoindex on;
+ deny all;",Disabled directory listing and denied access to the .git directory to prevent source code and configuration exposure.
PATCH-0170,nuclei-cwe-319-template,CWE-319 / CVE-2023-8233,Strict-Transport-Security: max-age=0,"- Strict-Transport-Security: max-age=0
+ Strict-Transport-Security: max-age=31536000; includeSubDomains; preload",Enforced HTTP Strict Transport Security (HSTS) to ensure all communications are encrypted over HTTPS.
PATCH-0171,nuclei-cwe-319-template,CWE-319 / N/A,Strict-Transport-Security: max-age=0,"- Strict-Transport-Security: max-age=0
+ Strict-Transport-Security: max-age=31536000; includeSubDomains; preload",Enforced HTTP Strict Transport Security (HSTS) to ensure all communications are encrypted over HTTPS.
PATCH-0172,nuclei-cwe-319-template,CWE-319 / CVE-2023-8627,Strict-Transport-Security: max-age=0,"- Strict-Transport-Security: max-age=0
+ Strict-Transport-Security: max-age=31536000; includeSubDomains; preload",Enforced HTTP Strict Transport Security (HSTS) to ensure all communications are encrypted over HTTPS.
PATCH-0173,nuclei-cwe-319-template,CWE-319 / N/A,Strict-Transport-Security: max-age=0,"- Strict-Transport-Security: max-age=0
+ Strict-Transport-Security: max-age=31536000; includeSubDomains; preload",Enforced HTTP Strict Transport Security (HSTS) to ensure all communications are encrypted over HTTPS.
PATCH-0174,nuclei-cwe-200-template,CWE-200 / N/A,Server: Apache/2.4.41 (Ubuntu),"- Server: Apache/2.4.41 (Ubuntu)
+ Server: Apache",Removed verbose server version information from the Server header to thwart targeted automated attacks.
PATCH-0175,nuclei-cwe-319-template,CWE-319 / CVE-2023-8676,Strict-Transport-Security: max-age=0,"- Strict-Transport-Security: max-age=0
+ Strict-Transport-Security: max-age=31536000; includeSubDomains; preload",Enforced HTTP Strict Transport Security (HSTS) to ensure all communications are encrypted over HTTPS.
PATCH-0176,nuclei-cwe-548-template,CWE-548 / CVE-2023-5040,"location /.git {
    autoindex on;
}","- autoindex on;
+ deny all;",Disabled directory listing and denied access to the .git directory to prevent source code and configuration exposure.
PATCH-0177,nuclei-cwe-200-template,CWE-200 / CVE-2023-3789,Server: Apache/2.4.41 (Ubuntu),"- Server: Apache/2.4.41 (Ubuntu)
+ Server: Apache",Removed verbose server version information from the Server header to thwart targeted automated attacks.
PATCH-0178,nuclei-cwe-942-template,CWE-942 / N/A,Access-Control-Allow-Origin: *,"- Access-Control-Allow-Origin: *
+ Access-Control-Allow-Origin: https://trusted-domain.com",Restricted CORS origin to a specific trusted domain instead of a wildcard to prevent unauthorized cross-origin resource access.
PATCH-0179,nuclei-cwe-548-template,CWE-548 / N/A,"location /.git {
    autoindex on;
}","- autoindex on;
+ deny all;",Disabled directory listing and denied access to the .git directory to prevent source code and configuration exposure.
PATCH-0180,nuclei-cwe-200-template,CWE-200 / CVE-2023-7614,Server: Apache/2.4.41 (Ubuntu),"- Server: Apache/2.4.41 (Ubuntu)
+ Server: Apache",Removed verbose server version information from the Server header to thwart targeted automated attacks.
PATCH-0181,nuclei-cwe-942-template,CWE-942 / CVE-2023-9698,Access-Control-Allow-Origin: *,"- Access-Control-Allow-Origin: *
+ Access-Control-Allow-Origin: https://trusted-domain.com",Restricted CORS origin to a specific trusted domain instead of a wildcard to prevent unauthorized cross-origin resource access.
PATCH-0182,nuclei-cwe-942-template,CWE-942 / N/A,Access-Control-Allow-Origin: *,"- Access-Control-Allow-Origin: *
+ Access-Control-Allow-Origin: https://trusted-domain.com",Restricted CORS origin to a specific trusted domain instead of a wildcard to prevent unauthorized cross-origin resource access.
PATCH-0183,nuclei-cwe-200-template,CWE-200 / CVE-2023-8608,Server: Apache/2.4.41 (Ubuntu),"- Server: Apache/2.4.41 (Ubuntu)
+ Server: Apache",Removed verbose server version information from the Server header to thwart targeted automated attacks.
PATCH-0184,nuclei-cwe-200-template,CWE-200 / N/A,Server: Apache/2.4.41 (Ubuntu),"- Server: Apache/2.4.41 (Ubuntu)
+ Server: Apache",Removed verbose server version information from the Server header to thwart targeted automated attacks.
PATCH-0185,nuclei-cwe-693-template,CWE-693 / N/A,"HTTP/1.1 200 OK
Server: nginx
Content-Type: text/html",+ Content-Security-Policy: default-src 'self'; script-src 'self' 'nonce-random123'; object-src 'none',Added Content-Security-Policy header to mitigate XSS vulnerabilities by restricting the sources of executable scripts.
PATCH-0186,nuclei-cwe-319-template,CWE-319 / CVE-2023-3413,Strict-Transport-Security: max-age=0,"- Strict-Transport-Security: max-age=0
+ Strict-Transport-Security: max-age=31536000; includeSubDomains; preload",Enforced HTTP Strict Transport Security (HSTS) to ensure all communications are encrypted over HTTPS.
PATCH-0187,nuclei-cwe-548-template,CWE-548 / CVE-2023-5481,"location /.git {
    autoindex on;
}","- autoindex on;
+ deny all;",Disabled directory listing and denied access to the .git directory to prevent source code and configuration exposure.
PATCH-0188,nuclei-cwe-200-template,CWE-200 / CVE-2023-5638,Server: Apache/2.4.41 (Ubuntu),"- Server: Apache/2.4.41 (Ubuntu)
+ Server: Apache",Removed verbose server version information from the Server header to thwart targeted automated attacks.
PATCH-0189,nuclei-cwe-319-template,CWE-319 / N/A,Strict-Transport-Security: max-age=0,"- Strict-Transport-Security: max-age=0
+ Strict-Transport-Security: max-age=31536000; includeSubDomains; preload",Enforced HTTP Strict Transport Security (HSTS) to ensure all communications are encrypted over HTTPS.
PATCH-0190,nuclei-cwe-200-template,CWE-200 / CVE-2023-5163,Server: Apache/2.4.41 (Ubuntu),"- Server: Apache/2.4.41 (Ubuntu)
+ Server: Apache",Removed verbose server version information from the Server header to thwart targeted automated attacks.
PATCH-0191,nuclei-cwe-548-template,CWE-548 / N/A,"location /.git {
    autoindex on;
}","- autoindex on;
+ deny all;",Disabled directory listing and denied access to the .git directory to prevent source code and configuration exposure.
PATCH-0192,nuclei-cwe-942-template,CWE-942 / N/A,Access-Control-Allow-Origin: *,"- Access-Control-Allow-Origin: *
+ Access-Control-Allow-Origin: https://trusted-domain.com",Restricted CORS origin to a specific trusted domain instead of a wildcard to prevent unauthorized cross-origin resource access.
PATCH-0193,nuclei-cwe-319-template,CWE-319 / CVE-2023-1842,Strict-Transport-Security: max-age=0,"- Strict-Transport-Security: max-age=0
+ Strict-Transport-Security: max-age=31536000; includeSubDomains; preload",Enforced HTTP Strict Transport Security (HSTS) to ensure all communications are encrypted over HTTPS.
PATCH-0194,nuclei-cwe-942-template,CWE-942 / CVE-2023-2836,Access-Control-Allow-Origin: *,"- Access-Control-Allow-Origin: *
+ Access-Control-Allow-Origin: https://trusted-domain.com",Restricted CORS origin to a specific trusted domain instead of a wildcard to prevent unauthorized cross-origin resource access.
PATCH-0195,nuclei-cwe-319-template,CWE-319 / N/A,Strict-Transport-Security: max-age=0,"- Strict-Transport-Security: max-age=0
+ Strict-Transport-Security: max-age=31536000; includeSubDomains; preload",Enforced HTTP Strict Transport Security (HSTS) to ensure all communications are encrypted over HTTPS.
PATCH-0196,nuclei-cwe-548-template,CWE-548 / N/A,"location /.git {
    autoindex on;
}","- autoindex on;
+ deny all;",Disabled directory listing and denied access to the .git directory to prevent source code and configuration exposure.
PATCH-0197,nuclei-cwe-693-template,CWE-693 / N/A,"HTTP/1.1 200 OK
Server: nginx
Content-Type: text/html",+ Content-Security-Policy: default-src 'self'; script-src 'self' 'nonce-random123'; object-src 'none',Added Content-Security-Policy header to mitigate XSS vulnerabilities by restricting the sources of executable scripts.
PATCH-0198,nuclei-cwe-548-template,CWE-548 / CVE-2023-3157,"location /.git {
    autoindex on;
}","- autoindex on;
+ deny all;",Disabled directory listing and denied access to the .git directory to prevent source code and configuration exposure.
PATCH-0199,nuclei-cwe-548-template,CWE-548 / N/A,"location /.git {
    autoindex on;
}","- autoindex on;
+ deny all;",Disabled directory listing and denied access to the .git directory to prevent source code and configuration exposure.
PATCH-0200,nuclei-cwe-693-template,CWE-693 / N/A,"HTTP/1.1 200 OK
Server: nginx
Content-Type: text/html",+ Content-Security-Policy: default-src 'self'; script-src 'self' 'nonce-random123'; object-src 'none',Added Content-Security-Policy header to mitigate XSS vulnerabilities by restricting the sources of executable scripts.
PATCH-0201,nuclei-cwe-942-template,CWE-942 / N/A,Access-Control-Allow-Origin: *,"- Access-Control-Allow-Origin: *
+ Access-Control-Allow-Origin: https://trusted-domain.com",Restricted CORS origin to a specific trusted domain instead of a wildcard to prevent unauthorized cross-origin resource access.
PATCH-0202,nuclei-cwe-200-template,CWE-200 / CVE-2023-7126,Server: Apache/2.4.41 (Ubuntu),"- Server: Apache/2.4.41 (Ubuntu)
+ Server: Apache",Removed verbose server version information from the Server header to thwart targeted automated attacks.
PATCH-0203,nuclei-cwe-200-template,CWE-200 / N/A,Server: Apache/2.4.41 (Ubuntu),"- Server: Apache/2.4.41 (Ubuntu)
+ Server: Apache",Removed verbose server version information from the Server header to thwart targeted automated attacks.
PATCH-0204,nuclei-cwe-319-template,CWE-319 / CVE-2023-2694,Strict-Transport-Security: max-age=0,"- Strict-Transport-Security: max-age=0
+ Strict-Transport-Security: max-age=31536000; includeSubDomains; preload",Enforced HTTP Strict Transport Security (HSTS) to ensure all communications are encrypted over HTTPS.
PATCH-0205,nuclei-cwe-693-template,CWE-693 / CVE-2023-4729,"HTTP/1.1 200 OK
Server: nginx
Content-Type: text/html",+ Content-Security-Policy: default-src 'self'; script-src 'self' 'nonce-random123'; object-src 'none',Added Content-Security-Policy header to mitigate XSS vulnerabilities by restricting the sources of executable scripts.
PATCH-0206,nuclei-cwe-200-template,CWE-200 / CVE-2023-6276,Server: Apache/2.4.41 (Ubuntu),"- Server: Apache/2.4.41 (Ubuntu)
+ Server: Apache",Removed verbose server version information from the Server header to thwart targeted automated attacks.
PATCH-0207,nuclei-cwe-319-template,CWE-319 / N/A,Strict-Transport-Security: max-age=0,"- Strict-Transport-Security: max-age=0
+ Strict-Transport-Security: max-age=31536000; includeSubDomains; preload",Enforced HTTP Strict Transport Security (HSTS) to ensure all communications are encrypted over HTTPS.
PATCH-0208,nuclei-cwe-548-template,CWE-548 / CVE-2023-4081,"location /.git {
    autoindex on;
}","- autoindex on;
+ deny all;",Disabled directory listing and denied access to the .git directory to prevent source code and configuration exposure.
PATCH-0209,nuclei-cwe-200-template,CWE-200 / CVE-2023-1467,Server: Apache/2.4.41 (Ubuntu),"- Server: Apache/2.4.41 (Ubuntu)
+ Server: Apache",Removed verbose server version information from the Server header to thwart targeted automated attacks.
PATCH-0210,nuclei-cwe-942-template,CWE-942 / CVE-2023-5811,Access-Control-Allow-Origin: *,"- Access-Control-Allow-Origin: *
+ Access-Control-Allow-Origin: https://trusted-domain.com",Restricted CORS origin to a specific trusted domain instead of a wildcard to prevent unauthorized cross-origin resource access.
PATCH-0211,nuclei-cwe-693-template,CWE-693 / CVE-2023-8536,"HTTP/1.1 200 OK
Server: nginx
Content-Type: text/html",+ Content-Security-Policy: default-src 'self'; script-src 'self' 'nonce-random123'; object-src 'none',Added Content-Security-Policy header to mitigate XSS vulnerabilities by restricting the sources of executable scripts.
PATCH-0212,nuclei-cwe-942-template,CWE-942 / N/A,Access-Control-Allow-Origin: *,"- Access-Control-Allow-Origin: *
+ Access-Control-Allow-Origin: https://trusted-domain.com",Restricted CORS origin to a specific trusted domain instead of a wildcard to prevent unauthorized cross-origin resource access.
PATCH-0213,nuclei-cwe-319-template,CWE-319 / N/A,Strict-Transport-Security: max-age=0,"- Strict-Transport-Security: max-age=0
+ Strict-Transport-Security: max-age=31536000; includeSubDomains; preload",Enforced HTTP Strict Transport Security (HSTS) to ensure all communications are encrypted over HTTPS.
PATCH-0214,nuclei-cwe-942-template,CWE-942 / CVE-2023-3559,Access-Control-Allow-Origin: *,"- Access-Control-Allow-Origin: *
+ Access-Control-Allow-Origin: https://trusted-domain.com",Restricted CORS origin to a specific trusted domain instead of a wildcard to prevent unauthorized cross-origin resource access.
PATCH-0215,nuclei-cwe-548-template,CWE-548 / N/A,"location /.git {
    autoindex on;
}","- autoindex on;
+ deny all;",Disabled directory listing and denied access to the .git directory to prevent source code and configuration exposure.
PATCH-0216,nuclei-cwe-693-template,CWE-693 / N/A,"HTTP/1.1 200 OK
Server: nginx
Content-Type: text/html",+ Content-Security-Policy: default-src 'self'; script-src 'self' 'nonce-random123'; object-src 'none',Added Content-Security-Policy header to mitigate XSS vulnerabilities by restricting the sources of executable scripts.
PATCH-0217,nuclei-cwe-200-template,CWE-200 / N/A,Server: Apache/2.4.41 (Ubuntu),"- Server: Apache/2.4.41 (Ubuntu)
+ Server: Apache",Removed verbose server version information from the Server header to thwart targeted automated attacks.
PATCH-0218,nuclei-cwe-693-template,CWE-693 / CVE-2023-2070,"HTTP/1.1 200 OK
Server: nginx
Content-Type: text/html",+ Content-Security-Policy: default-src 'self'; script-src 'self' 'nonce-random123'; object-src 'none',Added Content-Security-Policy header to mitigate XSS vulnerabilities by restricting the sources of executable scripts.
PATCH-0219,nuclei-cwe-942-template,CWE-942 / CVE-2023-3992,Access-Control-Allow-Origin: *,"- Access-Control-Allow-Origin: *
+ Access-Control-Allow-Origin: https://trusted-domain.com",Restricted CORS origin to a specific trusted domain instead of a wildcard to prevent unauthorized cross-origin resource access.
PATCH-0220,nuclei-cwe-942-template,CWE-942 / N/A,Access-Control-Allow-Origin: *,"- Access-Control-Allow-Origin: *
+ Access-Control-Allow-Origin: https://trusted-domain.com",Restricted CORS origin to a specific trusted domain instead of a wildcard to prevent unauthorized cross-origin resource access.
PATCH-0221,nuclei-cwe-319-template,CWE-319 / N/A,Strict-Transport-Security: max-age=0,"- Strict-Transport-Security: max-age=0
+ Strict-Transport-Security: max-age=31536000; includeSubDomains; preload",Enforced HTTP Strict Transport Security (HSTS) to ensure all communications are encrypted over HTTPS.
PATCH-0222,nuclei-cwe-319-template,CWE-319 / N/A,Strict-Transport-Security: max-age=0,"- Strict-Transport-Security: max-age=0
+ Strict-Transport-Security: max-age=31536000; includeSubDomains; preload",Enforced HTTP Strict Transport Security (HSTS) to ensure all communications are encrypted over HTTPS.
PATCH-0223,nuclei-cwe-942-template,CWE-942 / N/A,Access-Control-Allow-Origin: *,"- Access-Control-Allow-Origin: *
+ Access-Control-Allow-Origin: https://trusted-domain.com",Restricted CORS origin to a specific trusted domain instead of a wildcard to prevent unauthorized cross-origin resource access.
PATCH-0224,nuclei-cwe-319-template,CWE-319 / N/A,Strict-Transport-Security: max-age=0,"- Strict-Transport-Security: max-age=0
+ Strict-Transport-Security: max-age=31536000; includeSubDomains; preload",Enforced HTTP Strict Transport Security (HSTS) to ensure all communications are encrypted over HTTPS.
PATCH-0225,nuclei-cwe-942-template,CWE-942 / CVE-2023-7411,Access-Control-Allow-Origin: *,"- Access-Control-Allow-Origin: *
+ Access-Control-Allow-Origin: https://trusted-domain.com",Restricted CORS origin to a specific trusted domain instead of a wildcard to prevent unauthorized cross-origin resource access.
PATCH-0226,nuclei-cwe-942-template,CWE-942 / CVE-2023-1454,Access-Control-Allow-Origin: *,"- Access-Control-Allow-Origin: *
+ Access-Control-Allow-Origin: https://trusted-domain.com",Restricted CORS origin to a specific trusted domain instead of a wildcard to prevent unauthorized cross-origin resource access.
PATCH-0227,nuclei-cwe-693-template,CWE-693 / CVE-2023-9432,"HTTP/1.1 200 OK
Server: nginx
Content-Type: text/html",+ Content-Security-Policy: default-src 'self'; script-src 'self' 'nonce-random123'; object-src 'none',Added Content-Security-Policy header to mitigate XSS vulnerabilities by restricting the sources of executable scripts.
PATCH-0228,nuclei-cwe-319-template,CWE-319 / N/A,Strict-Transport-Security: max-age=0,"- Strict-Transport-Security: max-age=0
+ Strict-Transport-Security: max-age=31536000; includeSubDomains; preload",Enforced HTTP Strict Transport Security (HSTS) to ensure all communications are encrypted over HTTPS.
PATCH-0229,nuclei-cwe-693-template,CWE-693 / N/A,"HTTP/1.1 200 OK
Server: nginx
Content-Type: text/html",+ Content-Security-Policy: default-src 'self'; script-src 'self' 'nonce-random123'; object-src 'none',Added Content-Security-Policy header to mitigate XSS vulnerabilities by restricting the sources of executable scripts.
PATCH-0230,nuclei-cwe-200-template,CWE-200 / CVE-2023-5257,Server: Apache/2.4.41 (Ubuntu),"- Server: Apache/2.4.41 (Ubuntu)
+ Server: Apache",Removed verbose server version information from the Server header to thwart targeted automated attacks.
PATCH-0231,nuclei-cwe-693-template,CWE-693 / CVE-2023-4805,"HTTP/1.1 200 OK
Server: nginx
Content-Type: text/html",+ Content-Security-Policy: default-src 'self'; script-src 'self' 'nonce-random123'; object-src 'none',Added Content-Security-Policy header to mitigate XSS vulnerabilities by restricting the sources of executable scripts.
PATCH-0232,nuclei-cwe-319-template,CWE-319 / CVE-2023-3082,Strict-Transport-Security: max-age=0,"- Strict-Transport-Security: max-age=0
+ Strict-Transport-Security: max-age=31536000; includeSubDomains; preload",Enforced HTTP Strict Transport Security (HSTS) to ensure all communications are encrypted over HTTPS.
PATCH-0233,nuclei-cwe-942-template,CWE-942 / CVE-2023-4946,Access-Control-Allow-Origin: *,"- Access-Control-Allow-Origin: *
+ Access-Control-Allow-Origin: https://trusted-domain.com",Restricted CORS origin to a specific trusted domain instead of a wildcard to prevent unauthorized cross-origin resource access.
PATCH-0234,nuclei-cwe-200-template,CWE-200 / CVE-2023-7656,Server: Apache/2.4.41 (Ubuntu),"- Server: Apache/2.4.41 (Ubuntu)
+ Server: Apache",Removed verbose server version information from the Server header to thwart targeted automated attacks.
PATCH-0235,nuclei-cwe-200-template,CWE-200 / CVE-2023-4130,Server: Apache/2.4.41 (Ubuntu),"- Server: Apache/2.4.41 (Ubuntu)
+ Server: Apache",Removed verbose server version information from the Server header to thwart targeted automated attacks.
PATCH-0236,nuclei-cwe-319-template,CWE-319 / CVE-2023-6516,Strict-Transport-Security: max-age=0,"- Strict-Transport-Security: max-age=0
+ Strict-Transport-Security: max-age=31536000; includeSubDomains; preload",Enforced HTTP Strict Transport Security (HSTS) to ensure all communications are encrypted over HTTPS.
PATCH-0237,nuclei-cwe-319-template,CWE-319 / CVE-2023-4222,Strict-Transport-Security: max-age=0,"- Strict-Transport-Security: max-age=0
+ Strict-Transport-Security: max-age=31536000; includeSubDomains; preload",Enforced HTTP Strict Transport Security (HSTS) to ensure all communications are encrypted over HTTPS.
PATCH-0238,nuclei-cwe-942-template,CWE-942 / CVE-2023-6604,Access-Control-Allow-Origin: *,"- Access-Control-Allow-Origin: *
+ Access-Control-Allow-Origin: https://trusted-domain.com",Restricted CORS origin to a specific trusted domain instead of a wildcard to prevent unauthorized cross-origin resource access.
PATCH-0239,nuclei-cwe-693-template,CWE-693 / CVE-2023-7798,"HTTP/1.1 200 OK
Server: nginx
Content-Type: text/html",+ Content-Security-Policy: default-src 'self'; script-src 'self' 'nonce-random123'; object-src 'none',Added Content-Security-Policy header to mitigate XSS vulnerabilities by restricting the sources of executable scripts.
PATCH-0240,nuclei-cwe-548-template,CWE-548 / CVE-2023-2144,"location /.git {
    autoindex on;
}","- autoindex on;
+ deny all;",Disabled directory listing and denied access to the .git directory to prevent source code and configuration exposure.
PATCH-0241,nuclei-cwe-942-template,CWE-942 / CVE-2023-3288,Access-Control-Allow-Origin: *,"- Access-Control-Allow-Origin: *
+ Access-Control-Allow-Origin: https://trusted-domain.com",Restricted CORS origin to a specific trusted domain instead of a wildcard to prevent unauthorized cross-origin resource access.
PATCH-0242,nuclei-cwe-942-template,CWE-942 / N/A,Access-Control-Allow-Origin: *,"- Access-Control-Allow-Origin: *
+ Access-Control-Allow-Origin: https://trusted-domain.com",Restricted CORS origin to a specific trusted domain instead of a wildcard to prevent unauthorized cross-origin resource access.
PATCH-0243,nuclei-cwe-319-template,CWE-319 / N/A,Strict-Transport-Security: max-age=0,"- Strict-Transport-Security: max-age=0
+ Strict-Transport-Security: max-age=31536000; includeSubDomains; preload",Enforced HTTP Strict Transport Security (HSTS) to ensure all communications are encrypted over HTTPS.
PATCH-0244,nuclei-cwe-942-template,CWE-942 / CVE-2023-1092,Access-Control-Allow-Origin: *,"- Access-Control-Allow-Origin: *
+ Access-Control-Allow-Origin: https://trusted-domain.com",Restricted CORS origin to a specific trusted domain instead of a wildcard to prevent unauthorized cross-origin resource access.
PATCH-0245,nuclei-cwe-693-template,CWE-693 / CVE-2023-8961,"HTTP/1.1 200 OK
Server: nginx
Content-Type: text/html",+ Content-Security-Policy: default-src 'self'; script-src 'self' 'nonce-random123'; object-src 'none',Added Content-Security-Policy header to mitigate XSS vulnerabilities by restricting the sources of executable scripts.
PATCH-0246,nuclei-cwe-942-template,CWE-942 / N/A,Access-Control-Allow-Origin: *,"- Access-Control-Allow-Origin: *
+ Access-Control-Allow-Origin: https://trusted-domain.com",Restricted CORS origin to a specific trusted domain instead of a wildcard to prevent unauthorized cross-origin resource access.
PATCH-0247,nuclei-cwe-942-template,CWE-942 / N/A,Access-Control-Allow-Origin: *,"- Access-Control-Allow-Origin: *
+ Access-Control-Allow-Origin: https://trusted-domain.com",Restricted CORS origin to a specific trusted domain instead of a wildcard to prevent unauthorized cross-origin resource access.
PATCH-0248,nuclei-cwe-548-template,CWE-548 / CVE-2023-7235,"location /.git {
    autoindex on;
}","- autoindex on;
+ deny all;",Disabled directory listing and denied access to the .git directory to prevent source code and configuration exposure.
PATCH-0249,nuclei-cwe-548-template,CWE-548 / CVE-2023-5173,"location /.git {
    autoindex on;
}","- autoindex on;
+ deny all;",Disabled directory listing and denied access to the .git directory to prevent source code and configuration exposure.
PATCH-0250,nuclei-cwe-200-template,CWE-200 / N/A,Server: Apache/2.4.41 (Ubuntu),"- Server: Apache/2.4.41 (Ubuntu)
+ Server: Apache",Removed verbose server version information from the Server header to thwart targeted automated attacks.
PATCH-0251,nuclei-cwe-319-template,CWE-319 / CVE-2023-7440,Strict-Transport-Security: max-age=0,"- Strict-Transport-Security: max-age=0
+ Strict-Transport-Security: max-age=31536000; includeSubDomains; preload",Enforced HTTP Strict Transport Security (HSTS) to ensure all communications are encrypted over HTTPS.
PATCH-0252,nuclei-cwe-319-template,CWE-319 / CVE-2023-1492,Strict-Transport-Security: max-age=0,"- Strict-Transport-Security: max-age=0
+ Strict-Transport-Security: max-age=31536000; includeSubDomains; preload",Enforced HTTP Strict Transport Security (HSTS) to ensure all communications are encrypted over HTTPS.
PATCH-0253,nuclei-cwe-548-template,CWE-548 / N/A,"location /.git {
    autoindex on;
}","- autoindex on;
+ deny all;",Disabled directory listing and denied access to the .git directory to prevent source code and configuration exposure.
PATCH-0254,nuclei-cwe-200-template,CWE-200 / CVE-2023-4151,Server: Apache/2.4.41 (Ubuntu),"- Server: Apache/2.4.41 (Ubuntu)
+ Server: Apache",Removed verbose server version information from the Server header to thwart targeted automated attacks.
PATCH-0255,nuclei-cwe-548-template,CWE-548 / CVE-2023-1006,"location /.git {
    autoindex on;
}","- autoindex on;
+ deny all;",Disabled directory listing and denied access to the .git directory to prevent source code and configuration exposure.
PATCH-0256,nuclei-cwe-942-template,CWE-942 / CVE-2023-5322,Access-Control-Allow-Origin: *,"- Access-Control-Allow-Origin: *
+ Access-Control-Allow-Origin: https://trusted-domain.com",Restricted CORS origin to a specific trusted domain instead of a wildcard to prevent unauthorized cross-origin resource access.
PATCH-0257,nuclei-cwe-942-template,CWE-942 / CVE-2023-5973,Access-Control-Allow-Origin: *,"- Access-Control-Allow-Origin: *
+ Access-Control-Allow-Origin: https://trusted-domain.com",Restricted CORS origin to a specific trusted domain instead of a wildcard to prevent unauthorized cross-origin resource access.
PATCH-0258,nuclei-cwe-319-template,CWE-319 / N/A,Strict-Transport-Security: max-age=0,"- Strict-Transport-Security: max-age=0
+ Strict-Transport-Security: max-age=31536000; includeSubDomains; preload",Enforced HTTP Strict Transport Security (HSTS) to ensure all communications are encrypted over HTTPS.
PATCH-0259,nuclei-cwe-319-template,CWE-319 / N/A,Strict-Transport-Security: max-age=0,"- Strict-Transport-Security: max-age=0
+ Strict-Transport-Security: max-age=31536000; includeSubDomains; preload",Enforced HTTP Strict Transport Security (HSTS) to ensure all communications are encrypted over HTTPS.
PATCH-0260,nuclei-cwe-319-template,CWE-319 / N/A,Strict-Transport-Security: max-age=0,"- Strict-Transport-Security: max-age=0
+ Strict-Transport-Security: max-age=31536000; includeSubDomains; preload",Enforced HTTP Strict Transport Security (HSTS) to ensure all communications are encrypted over HTTPS.
PATCH-0261,nuclei-cwe-200-template,CWE-200 / CVE-2023-7046,Server: Apache/2.4.41 (Ubuntu),"- Server: Apache/2.4.41 (Ubuntu)
+ Server: Apache",Removed verbose server version information from the Server header to thwart targeted automated attacks.
PATCH-0262,nuclei-cwe-319-template,CWE-319 / CVE-2023-9268,Strict-Transport-Security: max-age=0,"- Strict-Transport-Security: max-age=0
+ Strict-Transport-Security: max-age=31536000; includeSubDomains; preload",Enforced HTTP Strict Transport Security (HSTS) to ensure all communications are encrypted over HTTPS.
PATCH-0263,nuclei-cwe-548-template,CWE-548 / N/A,"location /.git {
    autoindex on;
}","- autoindex on;
+ deny all;",Disabled directory listing and denied access to the .git directory to prevent source code and configuration exposure.
PATCH-0264,nuclei-cwe-942-template,CWE-942 / N/A,Access-Control-Allow-Origin: *,"- Access-Control-Allow-Origin: *
+ Access-Control-Allow-Origin: https://trusted-domain.com",Restricted CORS origin to a specific trusted domain instead of a wildcard to prevent unauthorized cross-origin resource access.
PATCH-0265,nuclei-cwe-942-template,CWE-942 / N/A,Access-Control-Allow-Origin: *,"- Access-Control-Allow-Origin: *
+ Access-Control-Allow-Origin: https://trusted-domain.com",Restricted CORS origin to a specific trusted domain instead of a wildcard to prevent unauthorized cross-origin resource access.
PATCH-0266,nuclei-cwe-319-template,CWE-319 / N/A,Strict-Transport-Security: max-age=0,"- Strict-Transport-Security: max-age=0
+ Strict-Transport-Security: max-age=31536000; includeSubDomains; preload",Enforced HTTP Strict Transport Security (HSTS) to ensure all communications are encrypted over HTTPS.
PATCH-0267,nuclei-cwe-200-template,CWE-200 / N/A,Server: Apache/2.4.41 (Ubuntu),"- Server: Apache/2.4.41 (Ubuntu)
+ Server: Apache",Removed verbose server version information from the Server header to thwart targeted automated attacks.
PATCH-0268,nuclei-cwe-319-template,CWE-319 / CVE-2023-4242,Strict-Transport-Security: max-age=0,"- Strict-Transport-Security: max-age=0
+ Strict-Transport-Security: max-age=31536000; includeSubDomains; preload",Enforced HTTP Strict Transport Security (HSTS) to ensure all communications are encrypted over HTTPS.
PATCH-0269,nuclei-cwe-319-template,CWE-319 / CVE-2023-9681,Strict-Transport-Security: max-age=0,"- Strict-Transport-Security: max-age=0
+ Strict-Transport-Security: max-age=31536000; includeSubDomains; preload",Enforced HTTP Strict Transport Security (HSTS) to ensure all communications are encrypted over HTTPS.
PATCH-0270,nuclei-cwe-548-template,CWE-548 / CVE-2023-3293,"location /.git {
    autoindex on;
}","- autoindex on;
+ deny all;",Disabled directory listing and denied access to the .git directory to prevent source code and configuration exposure.
PATCH-0271,nuclei-cwe-548-template,CWE-548 / N/A,"location /.git {
    autoindex on;
}","- autoindex on;
+ deny all;",Disabled directory listing and denied access to the .git directory to prevent source code and configuration exposure.
PATCH-0272,nuclei-cwe-548-template,CWE-548 / CVE-2023-9717,"location /.git {
    autoindex on;
}","- autoindex on;
+ deny all;",Disabled directory listing and denied access to the .git directory to prevent source code and configuration exposure.
PATCH-0273,nuclei-cwe-693-template,CWE-693 / N/A,"HTTP/1.1 200 OK
Server: nginx
Content-Type: text/html",+ Content-Security-Policy: default-src 'self'; script-src 'self' 'nonce-random123'; object-src 'none',Added Content-Security-Policy header to mitigate XSS vulnerabilities by restricting the sources of executable scripts.
PATCH-0274,nuclei-cwe-548-template,CWE-548 / CVE-2023-8831,"location /.git {
    autoindex on;
}","- autoindex on;
+ deny all;",Disabled directory listing and denied access to the .git directory to prevent source code and configuration exposure.
PATCH-0275,nuclei-cwe-200-template,CWE-200 / N/A,Server: Apache/2.4.41 (Ubuntu),"- Server: Apache/2.4.41 (Ubuntu)
+ Server: Apache",Removed verbose server version information from the Server header to thwart targeted automated attacks.
PATCH-0276,nuclei-cwe-319-template,CWE-319 / N/A,Strict-Transport-Security: max-age=0,"- Strict-Transport-Security: max-age=0
+ Strict-Transport-Security: max-age=31536000; includeSubDomains; preload",Enforced HTTP Strict Transport Security (HSTS) to ensure all communications are encrypted over HTTPS.
PATCH-0277,nuclei-cwe-200-template,CWE-200 / CVE-2023-2762,Server: Apache/2.4.41 (Ubuntu),"- Server: Apache/2.4.41 (Ubuntu)
+ Server: Apache",Removed verbose server version information from the Server header to thwart targeted automated attacks.
PATCH-0278,nuclei-cwe-319-template,CWE-319 / CVE-2023-8881,Strict-Transport-Security: max-age=0,"- Strict-Transport-Security: max-age=0
+ Strict-Transport-Security: max-age=31536000; includeSubDomains; preload",Enforced HTTP Strict Transport Security (HSTS) to ensure all communications are encrypted over HTTPS.
PATCH-0279,nuclei-cwe-200-template,CWE-200 / CVE-2023-7704,Server: Apache/2.4.41 (Ubuntu),"- Server: Apache/2.4.41 (Ubuntu)
+ Server: Apache",Removed verbose server version information from the Server header to thwart targeted automated attacks.
PATCH-0280,nuclei-cwe-942-template,CWE-942 / CVE-2023-4875,Access-Control-Allow-Origin: *,"- Access-Control-Allow-Origin: *
+ Access-Control-Allow-Origin: https://trusted-domain.com",Restricted CORS origin to a specific trusted domain instead of a wildcard to prevent unauthorized cross-origin resource access.
PATCH-0281,nuclei-cwe-693-template,CWE-693 / CVE-2023-1834,"HTTP/1.1 200 OK
Server: nginx
Content-Type: text/html",+ Content-Security-Policy: default-src 'self'; script-src 'self' 'nonce-random123'; object-src 'none',Added Content-Security-Policy header to mitigate XSS vulnerabilities by restricting the sources of executable scripts.
PATCH-0282,nuclei-cwe-693-template,CWE-693 / N/A,"HTTP/1.1 200 OK
Server: nginx
Content-Type: text/html",+ Content-Security-Policy: default-src 'self'; script-src 'self' 'nonce-random123'; object-src 'none',Added Content-Security-Policy header to mitigate XSS vulnerabilities by restricting the sources of executable scripts.
PATCH-0283,nuclei-cwe-548-template,CWE-548 / CVE-2023-3993,"location /.git {
    autoindex on;
}","- autoindex on;
+ deny all;",Disabled directory listing and denied access to the .git directory to prevent source code and configuration exposure.
PATCH-0284,nuclei-cwe-319-template,CWE-319 / CVE-2023-6548,Strict-Transport-Security: max-age=0,"- Strict-Transport-Security: max-age=0
+ Strict-Transport-Security: max-age=31536000; includeSubDomains; preload",Enforced HTTP Strict Transport Security (HSTS) to ensure all communications are encrypted over HTTPS.
PATCH-0285,nuclei-cwe-319-template,CWE-319 / CVE-2023-4501,Strict-Transport-Security: max-age=0,"- Strict-Transport-Security: max-age=0
+ Strict-Transport-Security: max-age=31536000; includeSubDomains; preload",Enforced HTTP Strict Transport Security (HSTS) to ensure all communications are encrypted over HTTPS.
PATCH-0286,nuclei-cwe-942-template,CWE-942 / N/A,Access-Control-Allow-Origin: *,"- Access-Control-Allow-Origin: *
+ Access-Control-Allow-Origin: https://trusted-domain.com",Restricted CORS origin to a specific trusted domain instead of a wildcard to prevent unauthorized cross-origin resource access.
PATCH-0287,nuclei-cwe-548-template,CWE-548 / CVE-2023-9074,"location /.git {
    autoindex on;
}","- autoindex on;
+ deny all;",Disabled directory listing and denied access to the .git directory to prevent source code and configuration exposure.
PATCH-0288,nuclei-cwe-200-template,CWE-200 / N/A,Server: Apache/2.4.41 (Ubuntu),"- Server: Apache/2.4.41 (Ubuntu)
+ Server: Apache",Removed verbose server version information from the Server header to thwart targeted automated attacks.
PATCH-0289,nuclei-cwe-548-template,CWE-548 / CVE-2023-9291,"location /.git {
    autoindex on;
}","- autoindex on;
+ deny all;",Disabled directory listing and denied access to the .git directory to prevent source code and configuration exposure.
PATCH-0290,nuclei-cwe-548-template,CWE-548 / CVE-2023-9702,"location /.git {
    autoindex on;
}","- autoindex on;
+ deny all;",Disabled directory listing and denied access to the .git directory to prevent source code and configuration exposure.
PATCH-0291,nuclei-cwe-200-template,CWE-200 / CVE-2023-6059,Server: Apache/2.4.41 (Ubuntu),"- Server: Apache/2.4.41 (Ubuntu)
+ Server: Apache",Removed verbose server version information from the Server header to thwart targeted automated attacks.
PATCH-0292,nuclei-cwe-548-template,CWE-548 / N/A,"location /.git {
    autoindex on;
}","- autoindex on;
+ deny all;",Disabled directory listing and denied access to the .git directory to prevent source code and configuration exposure.
PATCH-0293,nuclei-cwe-319-template,CWE-319 / CVE-2023-7219,Strict-Transport-Security: max-age=0,"- Strict-Transport-Security: max-age=0
+ Strict-Transport-Security: max-age=31536000; includeSubDomains; preload",Enforced HTTP Strict Transport Security (HSTS) to ensure all communications are encrypted over HTTPS.
PATCH-0294,nuclei-cwe-200-template,CWE-200 / N/A,Server: Apache/2.4.41 (Ubuntu),"- Server: Apache/2.4.41 (Ubuntu)
+ Server: Apache",Removed verbose server version information from the Server header to thwart targeted automated attacks.
PATCH-0295,nuclei-cwe-200-template,CWE-200 / N/A,Server: Apache/2.4.41 (Ubuntu),"- Server: Apache/2.4.41 (Ubuntu)
+ Server: Apache",Removed verbose server version information from the Server header to thwart targeted automated attacks.
PATCH-0296,nuclei-cwe-942-template,CWE-942 / CVE-2023-9531,Access-Control-Allow-Origin: *,"- Access-Control-Allow-Origin: *
+ Access-Control-Allow-Origin: https://trusted-domain.com",Restricted CORS origin to a specific trusted domain instead of a wildcard to prevent unauthorized cross-origin resource access.
PATCH-0297,nuclei-cwe-319-template,CWE-319 / CVE-2023-8539,Strict-Transport-Security: max-age=0,"- Strict-Transport-Security: max-age=0
+ Strict-Transport-Security: max-age=31536000; includeSubDomains; preload",Enforced HTTP Strict Transport Security (HSTS) to ensure all communications are encrypted over HTTPS.
PATCH-0298,nuclei-cwe-693-template,CWE-693 / CVE-2023-5026,"HTTP/1.1 200 OK
Server: nginx
Content-Type: text/html",+ Content-Security-Policy: default-src 'self'; script-src 'self' 'nonce-random123'; object-src 'none',Added Content-Security-Policy header to mitigate XSS vulnerabilities by restricting the sources of executable scripts.
PATCH-0299,nuclei-cwe-942-template,CWE-942 / CVE-2023-8443,Access-Control-Allow-Origin: *,"- Access-Control-Allow-Origin: *
+ Access-Control-Allow-Origin: https://trusted-domain.com",Restricted CORS origin to a specific trusted domain instead of a wildcard to prevent unauthorized cross-origin resource access.
PATCH-0300,nuclei-cwe-942-template,CWE-942 / CVE-2023-3319,Access-Control-Allow-Origin: *,"- Access-Control-Allow-Origin: *
+ Access-Control-Allow-Origin: https://trusted-domain.com",Restricted CORS origin to a specific trusted domain instead of a wildcard to prevent unauthorized cross-origin resource access.
PATCH-0301,nuclei-cwe-942-template,CWE-942 / N/A,Access-Control-Allow-Origin: *,"- Access-Control-Allow-Origin: *
+ Access-Control-Allow-Origin: https://trusted-domain.com",Restricted CORS origin to a specific trusted domain instead of a wildcard to prevent unauthorized cross-origin resource access.
PATCH-0302,nuclei-cwe-693-template,CWE-693 / CVE-2023-3151,"HTTP/1.1 200 OK
Server: nginx
Content-Type: text/html",+ Content-Security-Policy: default-src 'self'; script-src 'self' 'nonce-random123'; object-src 'none',Added Content-Security-Policy header to mitigate XSS vulnerabilities by restricting the sources of executable scripts.
PATCH-0303,nuclei-cwe-319-template,CWE-319 / CVE-2023-8107,Strict-Transport-Security: max-age=0,"- Strict-Transport-Security: max-age=0
+ Strict-Transport-Security: max-age=31536000; includeSubDomains; preload",Enforced HTTP Strict Transport Security (HSTS) to ensure all communications are encrypted over HTTPS.
PATCH-0304,nuclei-cwe-942-template,CWE-942 / CVE-2023-6761,Access-Control-Allow-Origin: *,"- Access-Control-Allow-Origin: *
+ Access-Control-Allow-Origin: https://trusted-domain.com",Restricted CORS origin to a specific trusted domain instead of a wildcard to prevent unauthorized cross-origin resource access.
PATCH-0305,nuclei-cwe-548-template,CWE-548 / CVE-2023-2447,"location /.git {
    autoindex on;
}","- autoindex on;
+ deny all;",Disabled directory listing and denied access to the .git directory to prevent source code and configuration exposure.
PATCH-0306,nuclei-cwe-319-template,CWE-319 / N/A,Strict-Transport-Security: max-age=0,"- Strict-Transport-Security: max-age=0
+ Strict-Transport-Security: max-age=31536000; includeSubDomains; preload",Enforced HTTP Strict Transport Security (HSTS) to ensure all communications are encrypted over HTTPS.
PATCH-0307,nuclei-cwe-319-template,CWE-319 / N/A,Strict-Transport-Security: max-age=0,"- Strict-Transport-Security: max-age=0
+ Strict-Transport-Security: max-age=31536000; includeSubDomains; preload",Enforced HTTP Strict Transport Security (HSTS) to ensure all communications are encrypted over HTTPS.
PATCH-0308,nuclei-cwe-319-template,CWE-319 / N/A,Strict-Transport-Security: max-age=0,"- Strict-Transport-Security: max-age=0
+ Strict-Transport-Security: max-age=31536000; includeSubDomains; preload",Enforced HTTP Strict Transport Security (HSTS) to ensure all communications are encrypted over HTTPS.
PATCH-0309,nuclei-cwe-548-template,CWE-548 / CVE-2023-9321,"location /.git {
    autoindex on;
}","- autoindex on;
+ deny all;",Disabled directory listing and denied access to the .git directory to prevent source code and configuration exposure.
PATCH-0310,nuclei-cwe-200-template,CWE-200 / CVE-2023-5661,Server: Apache/2.4.41 (Ubuntu),"- Server: Apache/2.4.41 (Ubuntu)
+ Server: Apache",Removed verbose server version information from the Server header to thwart targeted automated attacks.
PATCH-0311,nuclei-cwe-942-template,CWE-942 / N/A,Access-Control-Allow-Origin: *,"- Access-Control-Allow-Origin: *
+ Access-Control-Allow-Origin: https://trusted-domain.com",Restricted CORS origin to a specific trusted domain instead of a wildcard to prevent unauthorized cross-origin resource access.
PATCH-0312,nuclei-cwe-548-template,CWE-548 / CVE-2023-8011,"location /.git {
    autoindex on;
}","- autoindex on;
+ deny all;",Disabled directory listing and denied access to the .git directory to prevent source code and configuration exposure.
PATCH-0313,nuclei-cwe-200-template,CWE-200 / N/A,Server: Apache/2.4.41 (Ubuntu),"- Server: Apache/2.4.41 (Ubuntu)
+ Server: Apache",Removed verbose server version information from the Server header to thwart targeted automated attacks.
PATCH-0314,nuclei-cwe-200-template,CWE-200 / N/A,Server: Apache/2.4.41 (Ubuntu),"- Server: Apache/2.4.41 (Ubuntu)
+ Server: Apache",Removed verbose server version information from the Server header to thwart targeted automated attacks.
PATCH-0315,nuclei-cwe-693-template,CWE-693 / CVE-2023-2856,"HTTP/1.1 200 OK
Server: nginx
Content-Type: text/html",+ Content-Security-Policy: default-src 'self'; script-src 'self' 'nonce-random123'; object-src 'none',Added Content-Security-Policy header to mitigate XSS vulnerabilities by restricting the sources of executable scripts.
PATCH-0316,nuclei-cwe-942-template,CWE-942 / N/A,Access-Control-Allow-Origin: *,"- Access-Control-Allow-Origin: *
+ Access-Control-Allow-Origin: https://trusted-domain.com",Restricted CORS origin to a specific trusted domain instead of a wildcard to prevent unauthorized cross-origin resource access.
PATCH-0317,nuclei-cwe-200-template,CWE-200 / N/A,Server: Apache/2.4.41 (Ubuntu),"- Server: Apache/2.4.41 (Ubuntu)
+ Server: Apache",Removed verbose server version information from the Server header to thwart targeted automated attacks.
PATCH-0318,nuclei-cwe-200-template,CWE-200 / CVE-2023-5136,Server: Apache/2.4.41 (Ubuntu),"- Server: Apache/2.4.41 (Ubuntu)
+ Server: Apache",Removed verbose server version information from the Server header to thwart targeted automated attacks.
PATCH-0319,nuclei-cwe-693-template,CWE-693 / CVE-2023-5398,"HTTP/1.1 200 OK
Server: nginx
Content-Type: text/html",+ Content-Security-Policy: default-src 'self'; script-src 'self' 'nonce-random123'; object-src 'none',Added Content-Security-Policy header to mitigate XSS vulnerabilities by restricting the sources of executable scripts.
PATCH-0320,nuclei-cwe-693-template,CWE-693 / N/A,"HTTP/1.1 200 OK
Server: nginx
Content-Type: text/html",+ Content-Security-Policy: default-src 'self'; script-src 'self' 'nonce-random123'; object-src 'none',Added Content-Security-Policy header to mitigate XSS vulnerabilities by restricting the sources of executable scripts.
PATCH-0321,nuclei-cwe-319-template,CWE-319 / N/A,Strict-Transport-Security: max-age=0,"- Strict-Transport-Security: max-age=0
+ Strict-Transport-Security: max-age=31536000; includeSubDomains; preload",Enforced HTTP Strict Transport Security (HSTS) to ensure all communications are encrypted over HTTPS.
PATCH-0322,nuclei-cwe-693-template,CWE-693 / CVE-2023-5264,"HTTP/1.1 200 OK
Server: nginx
Content-Type: text/html",+ Content-Security-Policy: default-src 'self'; script-src 'self' 'nonce-random123'; object-src 'none',Added Content-Security-Policy header to mitigate XSS vulnerabilities by restricting the sources of executable scripts.
PATCH-0323,nuclei-cwe-942-template,CWE-942 / N/A,Access-Control-Allow-Origin: *,"- Access-Control-Allow-Origin: *
+ Access-Control-Allow-Origin: https://trusted-domain.com",Restricted CORS origin to a specific trusted domain instead of a wildcard to prevent unauthorized cross-origin resource access.
PATCH-0324,nuclei-cwe-693-template,CWE-693 / CVE-2023-1434,"HTTP/1.1 200 OK
Server: nginx
Content-Type: text/html",+ Content-Security-Policy: default-src 'self'; script-src 'self' 'nonce-random123'; object-src 'none',Added Content-Security-Policy header to mitigate XSS vulnerabilities by restricting the sources of executable scripts.
PATCH-0325,nuclei-cwe-319-template,CWE-319 / N/A,Strict-Transport-Security: max-age=0,"- Strict-Transport-Security: max-age=0
+ Strict-Transport-Security: max-age=31536000; includeSubDomains; preload",Enforced HTTP Strict Transport Security (HSTS) to ensure all communications are encrypted over HTTPS.
PATCH-0326,nuclei-cwe-548-template,CWE-548 / CVE-2023-6893,"location /.git {
    autoindex on;
}","- autoindex on;
+ deny all;",Disabled directory listing and denied access to the .git directory to prevent source code and configuration exposure.
PATCH-0327,nuclei-cwe-319-template,CWE-319 / CVE-2023-4887,Strict-Transport-Security: max-age=0,"- Strict-Transport-Security: max-age=0
+ Strict-Transport-Security: max-age=31536000; includeSubDomains; preload",Enforced HTTP Strict Transport Security (HSTS) to ensure all communications are encrypted over HTTPS.
PATCH-0328,nuclei-cwe-693-template,CWE-693 / N/A,"HTTP/1.1 200 OK
Server: nginx
Content-Type: text/html",+ Content-Security-Policy: default-src 'self'; script-src 'self' 'nonce-random123'; object-src 'none',Added Content-Security-Policy header to mitigate XSS vulnerabilities by restricting the sources of executable scripts.
PATCH-0329,nuclei-cwe-319-template,CWE-319 / N/A,Strict-Transport-Security: max-age=0,"- Strict-Transport-Security: max-age=0
+ Strict-Transport-Security: max-age=31536000; includeSubDomains; preload",Enforced HTTP Strict Transport Security (HSTS) to ensure all communications are encrypted over HTTPS.
PATCH-0330,nuclei-cwe-942-template,CWE-942 / CVE-2023-8607,Access-Control-Allow-Origin: *,"- Access-Control-Allow-Origin: *
+ Access-Control-Allow-Origin: https://trusted-domain.com",Restricted CORS origin to a specific trusted domain instead of a wildcard to prevent unauthorized cross-origin resource access.
PATCH-0331,nuclei-cwe-942-template,CWE-942 / CVE-2023-5754,Access-Control-Allow-Origin: *,"- Access-Control-Allow-Origin: *
+ Access-Control-Allow-Origin: https://trusted-domain.com",Restricted CORS origin to a specific trusted domain instead of a wildcard to prevent unauthorized cross-origin resource access.
PATCH-0332,nuclei-cwe-319-template,CWE-319 / N/A,Strict-Transport-Security: max-age=0,"- Strict-Transport-Security: max-age=0
+ Strict-Transport-Security: max-age=31536000; includeSubDomains; preload",Enforced HTTP Strict Transport Security (HSTS) to ensure all communications are encrypted over HTTPS.
PATCH-0333,nuclei-cwe-319-template,CWE-319 / CVE-2023-7922,Strict-Transport-Security: max-age=0,"- Strict-Transport-Security: max-age=0
+ Strict-Transport-Security: max-age=31536000; includeSubDomains; preload",Enforced HTTP Strict Transport Security (HSTS) to ensure all communications are encrypted over HTTPS.
PATCH-0334,nuclei-cwe-319-template,CWE-319 / CVE-2023-8585,Strict-Transport-Security: max-age=0,"- Strict-Transport-Security: max-age=0
+ Strict-Transport-Security: max-age=31536000; includeSubDomains; preload",Enforced HTTP Strict Transport Security (HSTS) to ensure all communications are encrypted over HTTPS.
PATCH-0335,nuclei-cwe-319-template,CWE-319 / CVE-2023-4355,Strict-Transport-Security: max-age=0,"- Strict-Transport-Security: max-age=0
+ Strict-Transport-Security: max-age=31536000; includeSubDomains; preload",Enforced HTTP Strict Transport Security (HSTS) to ensure all communications are encrypted over HTTPS.
PATCH-0336,nuclei-cwe-548-template,CWE-548 / CVE-2023-3072,"location /.git {
    autoindex on;
}","- autoindex on;
+ deny all;",Disabled directory listing and denied access to the .git directory to prevent source code and configuration exposure.
PATCH-0337,nuclei-cwe-693-template,CWE-693 / CVE-2023-8087,"HTTP/1.1 200 OK
Server: nginx
Content-Type: text/html",+ Content-Security-Policy: default-src 'self'; script-src 'self' 'nonce-random123'; object-src 'none',Added Content-Security-Policy header to mitigate XSS vulnerabilities by restricting the sources of executable scripts.
PATCH-0338,nuclei-cwe-693-template,CWE-693 / CVE-2023-6216,"HTTP/1.1 200 OK
Server: nginx
Content-Type: text/html",+ Content-Security-Policy: default-src 'self'; script-src 'self' 'nonce-random123'; object-src 'none',Added Content-Security-Policy header to mitigate XSS vulnerabilities by restricting the sources of executable scripts.
PATCH-0339,nuclei-cwe-693-template,CWE-693 / N/A,"HTTP/1.1 200 OK
Server: nginx
Content-Type: text/html",+ Content-Security-Policy: default-src 'self'; script-src 'self' 'nonce-random123'; object-src 'none',Added Content-Security-Policy header to mitigate XSS vulnerabilities by restricting the sources of executable scripts.
PATCH-0340,nuclei-cwe-942-template,CWE-942 / N/A,Access-Control-Allow-Origin: *,"- Access-Control-Allow-Origin: *
+ Access-Control-Allow-Origin: https://trusted-domain.com",Restricted CORS origin to a specific trusted domain instead of a wildcard to prevent unauthorized cross-origin resource access.
PATCH-0341,nuclei-cwe-319-template,CWE-319 / N/A,Strict-Transport-Security: max-age=0,"- Strict-Transport-Security: max-age=0
+ Strict-Transport-Security: max-age=31536000; includeSubDomains; preload",Enforced HTTP Strict Transport Security (HSTS) to ensure all communications are encrypted over HTTPS.
PATCH-0342,nuclei-cwe-548-template,CWE-548 / CVE-2023-2045,"location /.git {
    autoindex on;
}","- autoindex on;
+ deny all;",Disabled directory listing and denied access to the .git directory to prevent source code and configuration exposure.
PATCH-0343,nuclei-cwe-693-template,CWE-693 / CVE-2023-5704,"HTTP/1.1 200 OK
Server: nginx
Content-Type: text/html",+ Content-Security-Policy: default-src 'self'; script-src 'self' 'nonce-random123'; object-src 'none',Added Content-Security-Policy header to mitigate XSS vulnerabilities by restricting the sources of executable scripts.
PATCH-0344,nuclei-cwe-548-template,CWE-548 / N/A,"location /.git {
    autoindex on;
}","- autoindex on;
+ deny all;",Disabled directory listing and denied access to the .git directory to prevent source code and configuration exposure.
PATCH-0345,nuclei-cwe-200-template,CWE-200 / N/A,Server: Apache/2.4.41 (Ubuntu),"- Server: Apache/2.4.41 (Ubuntu)
+ Server: Apache",Removed verbose server version information from the Server header to thwart targeted automated attacks.
PATCH-0346,nuclei-cwe-942-template,CWE-942 / CVE-2023-8122,Access-Control-Allow-Origin: *,"- Access-Control-Allow-Origin: *
+ Access-Control-Allow-Origin: https://trusted-domain.com",Restricted CORS origin to a specific trusted domain instead of a wildcard to prevent unauthorized cross-origin resource access.
PATCH-0347,nuclei-cwe-319-template,CWE-319 / CVE-2023-3678,Strict-Transport-Security: max-age=0,"- Strict-Transport-Security: max-age=0
+ Strict-Transport-Security: max-age=31536000; includeSubDomains; preload",Enforced HTTP Strict Transport Security (HSTS) to ensure all communications are encrypted over HTTPS.
PATCH-0348,nuclei-cwe-942-template,CWE-942 / N/A,Access-Control-Allow-Origin: *,"- Access-Control-Allow-Origin: *
+ Access-Control-Allow-Origin: https://trusted-domain.com",Restricted CORS origin to a specific trusted domain instead of a wildcard to prevent unauthorized cross-origin resource access.
PATCH-0349,nuclei-cwe-942-template,CWE-942 / CVE-2023-5541,Access-Control-Allow-Origin: *,"- Access-Control-Allow-Origin: *
+ Access-Control-Allow-Origin: https://trusted-domain.com",Restricted CORS origin to a specific trusted domain instead of a wildcard to prevent unauthorized cross-origin resource access.
PATCH-0350,nuclei-cwe-319-template,CWE-319 / CVE-2023-9527,Strict-Transport-Security: max-age=0,"- Strict-Transport-Security: max-age=0
+ Strict-Transport-Security: max-age=31536000; includeSubDomains; preload",Enforced HTTP Strict Transport Security (HSTS) to ensure all communications are encrypted over HTTPS.
PATCH-0351,nuclei-cwe-319-template,CWE-319 / N/A,Strict-Transport-Security: max-age=0,"- Strict-Transport-Security: max-age=0
+ Strict-Transport-Security: max-age=31536000; includeSubDomains; preload",Enforced HTTP Strict Transport Security (HSTS) to ensure all communications are encrypted over HTTPS.
PATCH-0352,nuclei-cwe-319-template,CWE-319 / CVE-2023-2226,Strict-Transport-Security: max-age=0,"- Strict-Transport-Security: max-age=0
+ Strict-Transport-Security: max-age=31536000; includeSubDomains; preload",Enforced HTTP Strict Transport Security (HSTS) to ensure all communications are encrypted over HTTPS.
PATCH-0353,nuclei-cwe-548-template,CWE-548 / N/A,"location /.git {
    autoindex on;
}","- autoindex on;
+ deny all;",Disabled directory listing and denied access to the .git directory to prevent source code and configuration exposure.
PATCH-0354,nuclei-cwe-200-template,CWE-200 / N/A,Server: Apache/2.4.41 (Ubuntu),"- Server: Apache/2.4.41 (Ubuntu)
+ Server: Apache",Removed verbose server version information from the Server header to thwart targeted automated attacks.
PATCH-0355,nuclei-cwe-200-template,CWE-200 / CVE-2023-6180,Server: Apache/2.4.41 (Ubuntu),"- Server: Apache/2.4.41 (Ubuntu)
+ Server: Apache",Removed verbose server version information from the Server header to thwart targeted automated attacks.
PATCH-0356,nuclei-cwe-200-template,CWE-200 / CVE-2023-9827,Server: Apache/2.4.41 (Ubuntu),"- Server: Apache/2.4.41 (Ubuntu)
+ Server: Apache",Removed verbose server version information from the Server header to thwart targeted automated attacks.
PATCH-0357,nuclei-cwe-319-template,CWE-319 / CVE-2023-2123,Strict-Transport-Security: max-age=0,"- Strict-Transport-Security: max-age=0
+ Strict-Transport-Security: max-age=31536000; includeSubDomains; preload",Enforced HTTP Strict Transport Security (HSTS) to ensure all communications are encrypted over HTTPS.
PATCH-0358,nuclei-cwe-200-template,CWE-200 / N/A,Server: Apache/2.4.41 (Ubuntu),"- Server: Apache/2.4.41 (Ubuntu)
+ Server: Apache",Removed verbose server version information from the Server header to thwart targeted automated attacks.
PATCH-0359,nuclei-cwe-548-template,CWE-548 / CVE-2023-6583,"location /.git {
    autoindex on;
}","- autoindex on;
+ deny all;",Disabled directory listing and denied access to the .git directory to prevent source code and configuration exposure.
PATCH-0360,nuclei-cwe-942-template,CWE-942 / CVE-2023-1553,Access-Control-Allow-Origin: *,"- Access-Control-Allow-Origin: *
+ Access-Control-Allow-Origin: https://trusted-domain.com",Restricted CORS origin to a specific trusted domain instead of a wildcard to prevent unauthorized cross-origin resource access.
PATCH-0361,nuclei-cwe-548-template,CWE-548 / CVE-2023-5849,"location /.git {
    autoindex on;
}","- autoindex on;
+ deny all;",Disabled directory listing and denied access to the .git directory to prevent source code and configuration exposure.
PATCH-0362,nuclei-cwe-200-template,CWE-200 / N/A,Server: Apache/2.4.41 (Ubuntu),"- Server: Apache/2.4.41 (Ubuntu)
+ Server: Apache",Removed verbose server version information from the Server header to thwart targeted automated attacks.
PATCH-0363,nuclei-cwe-200-template,CWE-200 / N/A,Server: Apache/2.4.41 (Ubuntu),"- Server: Apache/2.4.41 (Ubuntu)
+ Server: Apache",Removed verbose server version information from the Server header to thwart targeted automated attacks.
PATCH-0364,nuclei-cwe-200-template,CWE-200 / N/A,Server: Apache/2.4.41 (Ubuntu),"- Server: Apache/2.4.41 (Ubuntu)
+ Server: Apache",Removed verbose server version information from the Server header to thwart targeted automated attacks.
PATCH-0365,nuclei-cwe-693-template,CWE-693 / N/A,"HTTP/1.1 200 OK
Server: nginx
Content-Type: text/html",+ Content-Security-Policy: default-src 'self'; script-src 'self' 'nonce-random123'; object-src 'none',Added Content-Security-Policy header to mitigate XSS vulnerabilities by restricting the sources of executable scripts.
PATCH-0366,nuclei-cwe-942-template,CWE-942 / CVE-2023-7887,Access-Control-Allow-Origin: *,"- Access-Control-Allow-Origin: *
+ Access-Control-Allow-Origin: https://trusted-domain.com",Restricted CORS origin to a specific trusted domain instead of a wildcard to prevent unauthorized cross-origin resource access.
PATCH-0367,nuclei-cwe-200-template,CWE-200 / N/A,Server: Apache/2.4.41 (Ubuntu),"- Server: Apache/2.4.41 (Ubuntu)
+ Server: Apache",Removed verbose server version information from the Server header to thwart targeted automated attacks.
PATCH-0368,nuclei-cwe-200-template,CWE-200 / CVE-2023-7506,Server: Apache/2.4.41 (Ubuntu),"- Server: Apache/2.4.41 (Ubuntu)
+ Server: Apache",Removed verbose server version information from the Server header to thwart targeted automated attacks.
PATCH-0369,nuclei-cwe-548-template,CWE-548 / CVE-2023-2509,"location /.git {
    autoindex on;
}","- autoindex on;
+ deny all;",Disabled directory listing and denied access to the .git directory to prevent source code and configuration exposure.
PATCH-0370,nuclei-cwe-548-template,CWE-548 / N/A,"location /.git {
    autoindex on;
}","- autoindex on;
+ deny all;",Disabled directory listing and denied access to the .git directory to prevent source code and configuration exposure.
PATCH-0371,nuclei-cwe-319-template,CWE-319 / CVE-2023-3815,Strict-Transport-Security: max-age=0,"- Strict-Transport-Security: max-age=0
+ Strict-Transport-Security: max-age=31536000; includeSubDomains; preload",Enforced HTTP Strict Transport Security (HSTS) to ensure all communications are encrypted over HTTPS.
PATCH-0372,nuclei-cwe-319-template,CWE-319 / CVE-2023-6537,Strict-Transport-Security: max-age=0,"- Strict-Transport-Security: max-age=0
+ Strict-Transport-Security: max-age=31536000; includeSubDomains; preload",Enforced HTTP Strict Transport Security (HSTS) to ensure all communications are encrypted over HTTPS.
PATCH-0373,nuclei-cwe-200-template,CWE-200 / CVE-2023-1567,Server: Apache/2.4.41 (Ubuntu),"- Server: Apache/2.4.41 (Ubuntu)
+ Server: Apache",Removed verbose server version information from the Server header to thwart targeted automated attacks.
PATCH-0374,nuclei-cwe-942-template,CWE-942 / N/A,Access-Control-Allow-Origin: *,"- Access-Control-Allow-Origin: *
+ Access-Control-Allow-Origin: https://trusted-domain.com",Restricted CORS origin to a specific trusted domain instead of a wildcard to prevent unauthorized cross-origin resource access.
PATCH-0375,nuclei-cwe-942-template,CWE-942 / CVE-2023-7982,Access-Control-Allow-Origin: *,"- Access-Control-Allow-Origin: *
+ Access-Control-Allow-Origin: https://trusted-domain.com",Restricted CORS origin to a specific trusted domain instead of a wildcard to prevent unauthorized cross-origin resource access.
PATCH-0376,nuclei-cwe-693-template,CWE-693 / CVE-2023-2341,"HTTP/1.1 200 OK
Server: nginx
Content-Type: text/html",+ Content-Security-Policy: default-src 'self'; script-src 'self' 'nonce-random123'; object-src 'none',Added Content-Security-Policy header to mitigate XSS vulnerabilities by restricting the sources of executable scripts.
PATCH-0377,nuclei-cwe-319-template,CWE-319 / CVE-2023-8321,Strict-Transport-Security: max-age=0,"- Strict-Transport-Security: max-age=0
+ Strict-Transport-Security: max-age=31536000; includeSubDomains; preload",Enforced HTTP Strict Transport Security (HSTS) to ensure all communications are encrypted over HTTPS.
PATCH-0378,nuclei-cwe-200-template,CWE-200 / N/A,Server: Apache/2.4.41 (Ubuntu),"- Server: Apache/2.4.41 (Ubuntu)
+ Server: Apache",Removed verbose server version information from the Server header to thwart targeted automated attacks.
PATCH-0379,nuclei-cwe-693-template,CWE-693 / CVE-2023-3091,"HTTP/1.1 200 OK
Server: nginx
Content-Type: text/html",+ Content-Security-Policy: default-src 'self'; script-src 'self' 'nonce-random123'; object-src 'none',Added Content-Security-Policy header to mitigate XSS vulnerabilities by restricting the sources of executable scripts.
PATCH-0380,nuclei-cwe-693-template,CWE-693 / CVE-2023-3211,"HTTP/1.1 200 OK
Server: nginx
Content-Type: text/html",+ Content-Security-Policy: default-src 'self'; script-src 'self' 'nonce-random123'; object-src 'none',Added Content-Security-Policy header to mitigate XSS vulnerabilities by restricting the sources of executable scripts.
PATCH-0381,nuclei-cwe-693-template,CWE-693 / CVE-2023-1457,"HTTP/1.1 200 OK
Server: nginx
Content-Type: text/html",+ Content-Security-Policy: default-src 'self'; script-src 'self' 'nonce-random123'; object-src 'none',Added Content-Security-Policy header to mitigate XSS vulnerabilities by restricting the sources of executable scripts.
PATCH-0382,nuclei-cwe-200-template,CWE-200 / N/A,Server: Apache/2.4.41 (Ubuntu),"- Server: Apache/2.4.41 (Ubuntu)
+ Server: Apache",Removed verbose server version information from the Server header to thwart targeted automated attacks.
PATCH-0383,nuclei-cwe-693-template,CWE-693 / N/A,"HTTP/1.1 200 OK
Server: nginx
Content-Type: text/html",+ Content-Security-Policy: default-src 'self'; script-src 'self' 'nonce-random123'; object-src 'none',Added Content-Security-Policy header to mitigate XSS vulnerabilities by restricting the sources of executable scripts.
PATCH-0384,nuclei-cwe-942-template,CWE-942 / CVE-2023-4369,Access-Control-Allow-Origin: *,"- Access-Control-Allow-Origin: *
+ Access-Control-Allow-Origin: https://trusted-domain.com",Restricted CORS origin to a specific trusted domain instead of a wildcard to prevent unauthorized cross-origin resource access.
PATCH-0385,nuclei-cwe-200-template,CWE-200 / N/A,Server: Apache/2.4.41 (Ubuntu),"- Server: Apache/2.4.41 (Ubuntu)
+ Server: Apache",Removed verbose server version information from the Server header to thwart targeted automated attacks.
PATCH-0386,nuclei-cwe-548-template,CWE-548 / N/A,"location /.git {
    autoindex on;
}","- autoindex on;
+ deny all;",Disabled directory listing and denied access to the .git directory to prevent source code and configuration exposure.
PATCH-0387,nuclei-cwe-319-template,CWE-319 / N/A,Strict-Transport-Security: max-age=0,"- Strict-Transport-Security: max-age=0
+ Strict-Transport-Security: max-age=31536000; includeSubDomains; preload",Enforced HTTP Strict Transport Security (HSTS) to ensure all communications are encrypted over HTTPS.
PATCH-0388,nuclei-cwe-693-template,CWE-693 / N/A,"HTTP/1.1 200 OK
Server: nginx
Content-Type: text/html",+ Content-Security-Policy: default-src 'self'; script-src 'self' 'nonce-random123'; object-src 'none',Added Content-Security-Policy header to mitigate XSS vulnerabilities by restricting the sources of executable scripts.
PATCH-0389,nuclei-cwe-942-template,CWE-942 / CVE-2023-6665,Access-Control-Allow-Origin: *,"- Access-Control-Allow-Origin: *
+ Access-Control-Allow-Origin: https://trusted-domain.com",Restricted CORS origin to a specific trusted domain instead of a wildcard to prevent unauthorized cross-origin resource access.
PATCH-0390,nuclei-cwe-319-template,CWE-319 / CVE-2023-5166,Strict-Transport-Security: max-age=0,"- Strict-Transport-Security: max-age=0
+ Strict-Transport-Security: max-age=31536000; includeSubDomains; preload",Enforced HTTP Strict Transport Security (HSTS) to ensure all communications are encrypted over HTTPS.
PATCH-0391,nuclei-cwe-200-template,CWE-200 / N/A,Server: Apache/2.4.41 (Ubuntu),"- Server: Apache/2.4.41 (Ubuntu)
+ Server: Apache",Removed verbose server version information from the Server header to thwart targeted automated attacks.
PATCH-0392,nuclei-cwe-200-template,CWE-200 / CVE-2023-9627,Server: Apache/2.4.41 (Ubuntu),"- Server: Apache/2.4.41 (Ubuntu)
+ Server: Apache",Removed verbose server version information from the Server header to thwart targeted automated attacks.
PATCH-0393,nuclei-cwe-548-template,CWE-548 / N/A,"location /.git {
    autoindex on;
}","- autoindex on;
+ deny all;",Disabled directory listing and denied access to the .git directory to prevent source code and configuration exposure.
PATCH-0394,nuclei-cwe-942-template,CWE-942 / N/A,Access-Control-Allow-Origin: *,"- Access-Control-Allow-Origin: *
+ Access-Control-Allow-Origin: https://trusted-domain.com",Restricted CORS origin to a specific trusted domain instead of a wildcard to prevent unauthorized cross-origin resource access.
PATCH-0395,nuclei-cwe-942-template,CWE-942 / CVE-2023-7869,Access-Control-Allow-Origin: *,"- Access-Control-Allow-Origin: *
+ Access-Control-Allow-Origin: https://trusted-domain.com",Restricted CORS origin to a specific trusted domain instead of a wildcard to prevent unauthorized cross-origin resource access.
PATCH-0396,nuclei-cwe-319-template,CWE-319 / CVE-2023-3747,Strict-Transport-Security: max-age=0,"- Strict-Transport-Security: max-age=0
+ Strict-Transport-Security: max-age=31536000; includeSubDomains; preload",Enforced HTTP Strict Transport Security (HSTS) to ensure all communications are encrypted over HTTPS.
PATCH-0397,nuclei-cwe-200-template,CWE-200 / CVE-2023-3313,Server: Apache/2.4.41 (Ubuntu),"- Server: Apache/2.4.41 (Ubuntu)
+ Server: Apache",Removed verbose server version information from the Server header to thwart targeted automated attacks.
PATCH-0398,nuclei-cwe-548-template,CWE-548 / N/A,"location /.git {
    autoindex on;
}","- autoindex on;
+ deny all;",Disabled directory listing and denied access to the .git directory to prevent source code and configuration exposure.
PATCH-0399,nuclei-cwe-319-template,CWE-319 / N/A,Strict-Transport-Security: max-age=0,"- Strict-Transport-Security: max-age=0
+ Strict-Transport-Security: max-age=31536000; includeSubDomains; preload",Enforced HTTP Strict Transport Security (HSTS) to ensure all communications are encrypted over HTTPS.
PATCH-0400,nuclei-cwe-319-template,CWE-319 / N/A,Strict-Transport-Security: max-age=0,"- Strict-Transport-Security: max-age=0
+ Strict-Transport-Security: max-age=31536000; includeSubDomains; preload",Enforced HTTP Strict Transport Security (HSTS) to ensure all communications are encrypted over HTTPS.
PATCH-0401,nuclei-cwe-319-template,CWE-319 / CVE-2023-1612,Strict-Transport-Security: max-age=0,"- Strict-Transport-Security: max-age=0
+ Strict-Transport-Security: max-age=31536000; includeSubDomains; preload",Enforced HTTP Strict Transport Security (HSTS) to ensure all communications are encrypted over HTTPS.
PATCH-0402,nuclei-cwe-693-template,CWE-693 / CVE-2023-6653,"HTTP/1.1 200 OK
Server: nginx
Content-Type: text/html",+ Content-Security-Policy: default-src 'self'; script-src 'self' 'nonce-random123'; object-src 'none',Added Content-Security-Policy header to mitigate XSS vulnerabilities by restricting the sources of executable scripts.
PATCH-0403,nuclei-cwe-942-template,CWE-942 / CVE-2023-9604,Access-Control-Allow-Origin: *,"- Access-Control-Allow-Origin: *
+ Access-Control-Allow-Origin: https://trusted-domain.com",Restricted CORS origin to a specific trusted domain instead of a wildcard to prevent unauthorized cross-origin resource access.
PATCH-0404,nuclei-cwe-548-template,CWE-548 / CVE-2023-3385,"location /.git {
    autoindex on;
}","- autoindex on;
+ deny all;",Disabled directory listing and denied access to the .git directory to prevent source code and configuration exposure.
PATCH-0405,nuclei-cwe-942-template,CWE-942 / CVE-2023-9626,Access-Control-Allow-Origin: *,"- Access-Control-Allow-Origin: *
+ Access-Control-Allow-Origin: https://trusted-domain.com",Restricted CORS origin to a specific trusted domain instead of a wildcard to prevent unauthorized cross-origin resource access.
PATCH-0406,nuclei-cwe-200-template,CWE-200 / N/A,Server: Apache/2.4.41 (Ubuntu),"- Server: Apache/2.4.41 (Ubuntu)
+ Server: Apache",Removed verbose server version information from the Server header to thwart targeted automated attacks.
PATCH-0407,nuclei-cwe-319-template,CWE-319 / CVE-2023-4019,Strict-Transport-Security: max-age=0,"- Strict-Transport-Security: max-age=0
+ Strict-Transport-Security: max-age=31536000; includeSubDomains; preload",Enforced HTTP Strict Transport Security (HSTS) to ensure all communications are encrypted over HTTPS.
PATCH-0408,nuclei-cwe-693-template,CWE-693 / N/A,"HTTP/1.1 200 OK
Server: nginx
Content-Type: text/html",+ Content-Security-Policy: default-src 'self'; script-src 'self' 'nonce-random123'; object-src 'none',Added Content-Security-Policy header to mitigate XSS vulnerabilities by restricting the sources of executable scripts.
PATCH-0409,nuclei-cwe-548-template,CWE-548 / N/A,"location /.git {
    autoindex on;
}","- autoindex on;
+ deny all;",Disabled directory listing and denied access to the .git directory to prevent source code and configuration exposure.
PATCH-0410,nuclei-cwe-942-template,CWE-942 / CVE-2023-9504,Access-Control-Allow-Origin: *,"- Access-Control-Allow-Origin: *
+ Access-Control-Allow-Origin: https://trusted-domain.com",Restricted CORS origin to a specific trusted domain instead of a wildcard to prevent unauthorized cross-origin resource access.
PATCH-0411,nuclei-cwe-200-template,CWE-200 / CVE-2023-5023,Server: Apache/2.4.41 (Ubuntu),"- Server: Apache/2.4.41 (Ubuntu)
+ Server: Apache",Removed verbose server version information from the Server header to thwart targeted automated attacks.
PATCH-0412,nuclei-cwe-319-template,CWE-319 / N/A,Strict-Transport-Security: max-age=0,"- Strict-Transport-Security: max-age=0
+ Strict-Transport-Security: max-age=31536000; includeSubDomains; preload",Enforced HTTP Strict Transport Security (HSTS) to ensure all communications are encrypted over HTTPS.
PATCH-0413,nuclei-cwe-693-template,CWE-693 / N/A,"HTTP/1.1 200 OK
Server: nginx
Content-Type: text/html",+ Content-Security-Policy: default-src 'self'; script-src 'self' 'nonce-random123'; object-src 'none',Added Content-Security-Policy header to mitigate XSS vulnerabilities by restricting the sources of executable scripts.
PATCH-0414,nuclei-cwe-693-template,CWE-693 / CVE-2023-4709,"HTTP/1.1 200 OK
Server: nginx
Content-Type: text/html",+ Content-Security-Policy: default-src 'self'; script-src 'self' 'nonce-random123'; object-src 'none',Added Content-Security-Policy header to mitigate XSS vulnerabilities by restricting the sources of executable scripts.
PATCH-0415,nuclei-cwe-548-template,CWE-548 / CVE-2023-8004,"location /.git {
    autoindex on;
}","- autoindex on;
+ deny all;",Disabled directory listing and denied access to the .git directory to prevent source code and configuration exposure.
PATCH-0416,nuclei-cwe-548-template,CWE-548 / N/A,"location /.git {
    autoindex on;
}","- autoindex on;
+ deny all;",Disabled directory listing and denied access to the .git directory to prevent source code and configuration exposure.
PATCH-0417,nuclei-cwe-548-template,CWE-548 / CVE-2023-9326,"location /.git {
    autoindex on;
}","- autoindex on;
+ deny all;",Disabled directory listing and denied access to the .git directory to prevent source code and configuration exposure.
PATCH-0418,nuclei-cwe-693-template,CWE-693 / N/A,"HTTP/1.1 200 OK
Server: nginx
Content-Type: text/html",+ Content-Security-Policy: default-src 'self'; script-src 'self' 'nonce-random123'; object-src 'none',Added Content-Security-Policy header to mitigate XSS vulnerabilities by restricting the sources of executable scripts.
PATCH-0419,nuclei-cwe-548-template,CWE-548 / CVE-2023-6300,"location /.git {
    autoindex on;
}","- autoindex on;
+ deny all;",Disabled directory listing and denied access to the .git directory to prevent source code and configuration exposure.
PATCH-0420,nuclei-cwe-200-template,CWE-200 / CVE-2023-3032,Server: Apache/2.4.41 (Ubuntu),"- Server: Apache/2.4.41 (Ubuntu)
+ Server: Apache",Removed verbose server version information from the Server header to thwart targeted automated attacks.
PATCH-0421,nuclei-cwe-942-template,CWE-942 / N/A,Access-Control-Allow-Origin: *,"- Access-Control-Allow-Origin: *
+ Access-Control-Allow-Origin: https://trusted-domain.com",Restricted CORS origin to a specific trusted domain instead of a wildcard to prevent unauthorized cross-origin resource access.
PATCH-0422,nuclei-cwe-548-template,CWE-548 / CVE-2023-3826,"location /.git {
    autoindex on;
}","- autoindex on;
+ deny all;",Disabled directory listing and denied access to the .git directory to prevent source code and configuration exposure.
PATCH-0423,nuclei-cwe-319-template,CWE-319 / CVE-2023-4965,Strict-Transport-Security: max-age=0,"- Strict-Transport-Security: max-age=0
+ Strict-Transport-Security: max-age=31536000; includeSubDomains; preload",Enforced HTTP Strict Transport Security (HSTS) to ensure all communications are encrypted over HTTPS.
PATCH-0424,nuclei-cwe-942-template,CWE-942 / N/A,Access-Control-Allow-Origin: *,"- Access-Control-Allow-Origin: *
+ Access-Control-Allow-Origin: https://trusted-domain.com",Restricted CORS origin to a specific trusted domain instead of a wildcard to prevent unauthorized cross-origin resource access.
PATCH-0425,nuclei-cwe-693-template,CWE-693 / CVE-2023-7587,"HTTP/1.1 200 OK
Server: nginx
Content-Type: text/html",+ Content-Security-Policy: default-src 'self'; script-src 'self' 'nonce-random123'; object-src 'none',Added Content-Security-Policy header to mitigate XSS vulnerabilities by restricting the sources of executable scripts.
PATCH-0426,nuclei-cwe-942-template,CWE-942 / N/A,Access-Control-Allow-Origin: *,"- Access-Control-Allow-Origin: *
+ Access-Control-Allow-Origin: https://trusted-domain.com",Restricted CORS origin to a specific trusted domain instead of a wildcard to prevent unauthorized cross-origin resource access.
PATCH-0427,nuclei-cwe-200-template,CWE-200 / N/A,Server: Apache/2.4.41 (Ubuntu),"- Server: Apache/2.4.41 (Ubuntu)
+ Server: Apache",Removed verbose server version information from the Server header to thwart targeted automated attacks.
PATCH-0428,nuclei-cwe-942-template,CWE-942 / N/A,Access-Control-Allow-Origin: *,"- Access-Control-Allow-Origin: *
+ Access-Control-Allow-Origin: https://trusted-domain.com",Restricted CORS origin to a specific trusted domain instead of a wildcard to prevent unauthorized cross-origin resource access.
PATCH-0429,nuclei-cwe-693-template,CWE-693 / CVE-2023-1727,"HTTP/1.1 200 OK
Server: nginx
Content-Type: text/html",+ Content-Security-Policy: default-src 'self'; script-src 'self' 'nonce-random123'; object-src 'none',Added Content-Security-Policy header to mitigate XSS vulnerabilities by restricting the sources of executable scripts.
PATCH-0430,nuclei-cwe-319-template,CWE-319 / N/A,Strict-Transport-Security: max-age=0,"- Strict-Transport-Security: max-age=0
+ Strict-Transport-Security: max-age=31536000; includeSubDomains; preload",Enforced HTTP Strict Transport Security (HSTS) to ensure all communications are encrypted over HTTPS.
PATCH-0431,nuclei-cwe-200-template,CWE-200 / CVE-2023-2717,Server: Apache/2.4.41 (Ubuntu),"- Server: Apache/2.4.41 (Ubuntu)
+ Server: Apache",Removed verbose server version information from the Server header to thwart targeted automated attacks.
PATCH-0432,nuclei-cwe-319-template,CWE-319 / CVE-2023-7183,Strict-Transport-Security: max-age=0,"- Strict-Transport-Security: max-age=0
+ Strict-Transport-Security: max-age=31536000; includeSubDomains; preload",Enforced HTTP Strict Transport Security (HSTS) to ensure all communications are encrypted over HTTPS.
PATCH-0433,nuclei-cwe-693-template,CWE-693 / CVE-2023-6072,"HTTP/1.1 200 OK
Server: nginx
Content-Type: text/html",+ Content-Security-Policy: default-src 'self'; script-src 'self' 'nonce-random123'; object-src 'none',Added Content-Security-Policy header to mitigate XSS vulnerabilities by restricting the sources of executable scripts.
PATCH-0434,nuclei-cwe-319-template,CWE-319 / CVE-2023-3098,Strict-Transport-Security: max-age=0,"- Strict-Transport-Security: max-age=0
+ Strict-Transport-Security: max-age=31536000; includeSubDomains; preload",Enforced HTTP Strict Transport Security (HSTS) to ensure all communications are encrypted over HTTPS.
PATCH-0435,nuclei-cwe-693-template,CWE-693 / CVE-2023-3020,"HTTP/1.1 200 OK
Server: nginx
Content-Type: text/html",+ Content-Security-Policy: default-src 'self'; script-src 'self' 'nonce-random123'; object-src 'none',Added Content-Security-Policy header to mitigate XSS vulnerabilities by restricting the sources of executable scripts.
PATCH-0436,nuclei-cwe-942-template,CWE-942 / CVE-2023-6621,Access-Control-Allow-Origin: *,"- Access-Control-Allow-Origin: *
+ Access-Control-Allow-Origin: https://trusted-domain.com",Restricted CORS origin to a specific trusted domain instead of a wildcard to prevent unauthorized cross-origin resource access.
PATCH-0437,nuclei-cwe-200-template,CWE-200 / N/A,Server: Apache/2.4.41 (Ubuntu),"- Server: Apache/2.4.41 (Ubuntu)
+ Server: Apache",Removed verbose server version information from the Server header to thwart targeted automated attacks.
PATCH-0438,nuclei-cwe-942-template,CWE-942 / CVE-2023-5391,Access-Control-Allow-Origin: *,"- Access-Control-Allow-Origin: *
+ Access-Control-Allow-Origin: https://trusted-domain.com",Restricted CORS origin to a specific trusted domain instead of a wildcard to prevent unauthorized cross-origin resource access.
PATCH-0439,nuclei-cwe-200-template,CWE-200 / N/A,Server: Apache/2.4.41 (Ubuntu),"- Server: Apache/2.4.41 (Ubuntu)
+ Server: Apache",Removed verbose server version information from the Server header to thwart targeted automated attacks.
PATCH-0440,nuclei-cwe-200-template,CWE-200 / CVE-2023-6499,Server: Apache/2.4.41 (Ubuntu),"- Server: Apache/2.4.41 (Ubuntu)
+ Server: Apache",Removed verbose server version information from the Server header to thwart targeted automated attacks.
PATCH-0441,nuclei-cwe-319-template,CWE-319 / CVE-2023-8789,Strict-Transport-Security: max-age=0,"- Strict-Transport-Security: max-age=0
+ Strict-Transport-Security: max-age=31536000; includeSubDomains; preload",Enforced HTTP Strict Transport Security (HSTS) to ensure all communications are encrypted over HTTPS.
PATCH-0442,nuclei-cwe-200-template,CWE-200 / N/A,Server: Apache/2.4.41 (Ubuntu),"- Server: Apache/2.4.41 (Ubuntu)
+ Server: Apache",Removed verbose server version information from the Server header to thwart targeted automated attacks.
PATCH-0443,nuclei-cwe-693-template,CWE-693 / N/A,"HTTP/1.1 200 OK
Server: nginx
Content-Type: text/html",+ Content-Security-Policy: default-src 'self'; script-src 'self' 'nonce-random123'; object-src 'none',Added Content-Security-Policy header to mitigate XSS vulnerabilities by restricting the sources of executable scripts.
PATCH-0444,nuclei-cwe-200-template,CWE-200 / CVE-2023-7038,Server: Apache/2.4.41 (Ubuntu),"- Server: Apache/2.4.41 (Ubuntu)
+ Server: Apache",Removed verbose server version information from the Server header to thwart targeted automated attacks.
PATCH-0445,nuclei-cwe-548-template,CWE-548 / N/A,"location /.git {
    autoindex on;
}","- autoindex on;
+ deny all;",Disabled directory listing and denied access to the .git directory to prevent source code and configuration exposure.
PATCH-0446,nuclei-cwe-693-template,CWE-693 / CVE-2023-8594,"HTTP/1.1 200 OK
Server: nginx
Content-Type: text/html",+ Content-Security-Policy: default-src 'self'; script-src 'self' 'nonce-random123'; object-src 'none',Added Content-Security-Policy header to mitigate XSS vulnerabilities by restricting the sources of executable scripts.
PATCH-0447,nuclei-cwe-548-template,CWE-548 / CVE-2023-4432,"location /.git {
    autoindex on;
}","- autoindex on;
+ deny all;",Disabled directory listing and denied access to the .git directory to prevent source code and configuration exposure.
PATCH-0448,nuclei-cwe-942-template,CWE-942 / CVE-2023-1555,Access-Control-Allow-Origin: *,"- Access-Control-Allow-Origin: *
+ Access-Control-Allow-Origin: https://trusted-domain.com",Restricted CORS origin to a specific trusted domain instead of a wildcard to prevent unauthorized cross-origin resource access.
PATCH-0449,nuclei-cwe-548-template,CWE-548 / N/A,"location /.git {
    autoindex on;
}","- autoindex on;
+ deny all;",Disabled directory listing and denied access to the .git directory to prevent source code and configuration exposure.
PATCH-0450,nuclei-cwe-942-template,CWE-942 / CVE-2023-1866,Access-Control-Allow-Origin: *,"- Access-Control-Allow-Origin: *
+ Access-Control-Allow-Origin: https://trusted-domain.com",Restricted CORS origin to a specific trusted domain instead of a wildcard to prevent unauthorized cross-origin resource access.
PATCH-0451,nuclei-cwe-548-template,CWE-548 / CVE-2023-6419,"location /.git {
    autoindex on;
}","- autoindex on;
+ deny all;",Disabled directory listing and denied access to the .git directory to prevent source code and configuration exposure.
PATCH-0452,nuclei-cwe-319-template,CWE-319 / N/A,Strict-Transport-Security: max-age=0,"- Strict-Transport-Security: max-age=0
+ Strict-Transport-Security: max-age=31536000; includeSubDomains; preload",Enforced HTTP Strict Transport Security (HSTS) to ensure all communications are encrypted over HTTPS.
PATCH-0453,nuclei-cwe-319-template,CWE-319 / N/A,Strict-Transport-Security: max-age=0,"- Strict-Transport-Security: max-age=0
+ Strict-Transport-Security: max-age=31536000; includeSubDomains; preload",Enforced HTTP Strict Transport Security (HSTS) to ensure all communications are encrypted over HTTPS.
PATCH-0454,nuclei-cwe-319-template,CWE-319 / N/A,Strict-Transport-Security: max-age=0,"- Strict-Transport-Security: max-age=0
+ Strict-Transport-Security: max-age=31536000; includeSubDomains; preload",Enforced HTTP Strict Transport Security (HSTS) to ensure all communications are encrypted over HTTPS.
PATCH-0455,nuclei-cwe-942-template,CWE-942 / CVE-2023-4038,Access-Control-Allow-Origin: *,"- Access-Control-Allow-Origin: *
+ Access-Control-Allow-Origin: https://trusted-domain.com",Restricted CORS origin to a specific trusted domain instead of a wildcard to prevent unauthorized cross-origin resource access.
PATCH-0456,nuclei-cwe-319-template,CWE-319 / CVE-2023-4198,Strict-Transport-Security: max-age=0,"- Strict-Transport-Security: max-age=0
+ Strict-Transport-Security: max-age=31536000; includeSubDomains; preload",Enforced HTTP Strict Transport Security (HSTS) to ensure all communications are encrypted over HTTPS.
PATCH-0457,nuclei-cwe-942-template,CWE-942 / CVE-2023-2536,Access-Control-Allow-Origin: *,"- Access-Control-Allow-Origin: *
+ Access-Control-Allow-Origin: https://trusted-domain.com",Restricted CORS origin to a specific trusted domain instead of a wildcard to prevent unauthorized cross-origin resource access.
PATCH-0458,nuclei-cwe-548-template,CWE-548 / CVE-2023-7458,"location /.git {
    autoindex on;
}","- autoindex on;
+ deny all;",Disabled directory listing and denied access to the .git directory to prevent source code and configuration exposure.
PATCH-0459,nuclei-cwe-942-template,CWE-942 / N/A,Access-Control-Allow-Origin: *,"- Access-Control-Allow-Origin: *
+ Access-Control-Allow-Origin: https://trusted-domain.com",Restricted CORS origin to a specific trusted domain instead of a wildcard to prevent unauthorized cross-origin resource access.
PATCH-0460,nuclei-cwe-693-template,CWE-693 / CVE-2023-3050,"HTTP/1.1 200 OK
Server: nginx
Content-Type: text/html",+ Content-Security-Policy: default-src 'self'; script-src 'self' 'nonce-random123'; object-src 'none',Added Content-Security-Policy header to mitigate XSS vulnerabilities by restricting the sources of executable scripts.
PATCH-0461,nuclei-cwe-319-template,CWE-319 / CVE-2023-2096,Strict-Transport-Security: max-age=0,"- Strict-Transport-Security: max-age=0
+ Strict-Transport-Security: max-age=31536000; includeSubDomains; preload",Enforced HTTP Strict Transport Security (HSTS) to ensure all communications are encrypted over HTTPS.
PATCH-0462,nuclei-cwe-200-template,CWE-200 / CVE-2023-5699,Server: Apache/2.4.41 (Ubuntu),"- Server: Apache/2.4.41 (Ubuntu)
+ Server: Apache",Removed verbose server version information from the Server header to thwart targeted automated attacks.
PATCH-0463,nuclei-cwe-942-template,CWE-942 / CVE-2023-7562,Access-Control-Allow-Origin: *,"- Access-Control-Allow-Origin: *
+ Access-Control-Allow-Origin: https://trusted-domain.com",Restricted CORS origin to a specific trusted domain instead of a wildcard to prevent unauthorized cross-origin resource access.
PATCH-0464,nuclei-cwe-693-template,CWE-693 / CVE-2023-5792,"HTTP/1.1 200 OK
Server: nginx
Content-Type: text/html",+ Content-Security-Policy: default-src 'self'; script-src 'self' 'nonce-random123'; object-src 'none',Added Content-Security-Policy header to mitigate XSS vulnerabilities by restricting the sources of executable scripts.
PATCH-0465,nuclei-cwe-693-template,CWE-693 / N/A,"HTTP/1.1 200 OK
Server: nginx
Content-Type: text/html",+ Content-Security-Policy: default-src 'self'; script-src 'self' 'nonce-random123'; object-src 'none',Added Content-Security-Policy header to mitigate XSS vulnerabilities by restricting the sources of executable scripts.
PATCH-0466,nuclei-cwe-319-template,CWE-319 / CVE-2023-2886,Strict-Transport-Security: max-age=0,"- Strict-Transport-Security: max-age=0
+ Strict-Transport-Security: max-age=31536000; includeSubDomains; preload",Enforced HTTP Strict Transport Security (HSTS) to ensure all communications are encrypted over HTTPS.
PATCH-0467,nuclei-cwe-942-template,CWE-942 / N/A,Access-Control-Allow-Origin: *,"- Access-Control-Allow-Origin: *
+ Access-Control-Allow-Origin: https://trusted-domain.com",Restricted CORS origin to a specific trusted domain instead of a wildcard to prevent unauthorized cross-origin resource access.
PATCH-0468,nuclei-cwe-942-template,CWE-942 / N/A,Access-Control-Allow-Origin: *,"- Access-Control-Allow-Origin: *
+ Access-Control-Allow-Origin: https://trusted-domain.com",Restricted CORS origin to a specific trusted domain instead of a wildcard to prevent unauthorized cross-origin resource access.
PATCH-0469,nuclei-cwe-319-template,CWE-319 / CVE-2023-6267,Strict-Transport-Security: max-age=0,"- Strict-Transport-Security: max-age=0
+ Strict-Transport-Security: max-age=31536000; includeSubDomains; preload",Enforced HTTP Strict Transport Security (HSTS) to ensure all communications are encrypted over HTTPS.
PATCH-0470,nuclei-cwe-693-template,CWE-693 / CVE-2023-1942,"HTTP/1.1 200 OK
Server: nginx
Content-Type: text/html",+ Content-Security-Policy: default-src 'self'; script-src 'self' 'nonce-random123'; object-src 'none',Added Content-Security-Policy header to mitigate XSS vulnerabilities by restricting the sources of executable scripts.
PATCH-0471,nuclei-cwe-942-template,CWE-942 / CVE-2023-9894,Access-Control-Allow-Origin: *,"- Access-Control-Allow-Origin: *
+ Access-Control-Allow-Origin: https://trusted-domain.com",Restricted CORS origin to a specific trusted domain instead of a wildcard to prevent unauthorized cross-origin resource access.
PATCH-0472,nuclei-cwe-319-template,CWE-319 / N/A,Strict-Transport-Security: max-age=0,"- Strict-Transport-Security: max-age=0
+ Strict-Transport-Security: max-age=31536000; includeSubDomains; preload",Enforced HTTP Strict Transport Security (HSTS) to ensure all communications are encrypted over HTTPS.
PATCH-0473,nuclei-cwe-200-template,CWE-200 / CVE-2023-5138,Server: Apache/2.4.41 (Ubuntu),"- Server: Apache/2.4.41 (Ubuntu)
+ Server: Apache",Removed verbose server version information from the Server header to thwart targeted automated attacks.
PATCH-0474,nuclei-cwe-942-template,CWE-942 / N/A,Access-Control-Allow-Origin: *,"- Access-Control-Allow-Origin: *
+ Access-Control-Allow-Origin: https://trusted-domain.com",Restricted CORS origin to a specific trusted domain instead of a wildcard to prevent unauthorized cross-origin resource access.
PATCH-0475,nuclei-cwe-942-template,CWE-942 / N/A,Access-Control-Allow-Origin: *,"- Access-Control-Allow-Origin: *
+ Access-Control-Allow-Origin: https://trusted-domain.com",Restricted CORS origin to a specific trusted domain instead of a wildcard to prevent unauthorized cross-origin resource access.
PATCH-0476,nuclei-cwe-942-template,CWE-942 / CVE-2023-4430,Access-Control-Allow-Origin: *,"- Access-Control-Allow-Origin: *
+ Access-Control-Allow-Origin: https://trusted-domain.com",Restricted CORS origin to a specific trusted domain instead of a wildcard to prevent unauthorized cross-origin resource access.
PATCH-0477,nuclei-cwe-693-template,CWE-693 / CVE-2023-4119,"HTTP/1.1 200 OK
Server: nginx
Content-Type: text/html",+ Content-Security-Policy: default-src 'self'; script-src 'self' 'nonce-random123'; object-src 'none',Added Content-Security-Policy header to mitigate XSS vulnerabilities by restricting the sources of executable scripts.
PATCH-0478,nuclei-cwe-548-template,CWE-548 / CVE-2023-1743,"location /.git {
    autoindex on;
}","- autoindex on;
+ deny all;",Disabled directory listing and denied access to the .git directory to prevent source code and configuration exposure.
PATCH-0479,nuclei-cwe-548-template,CWE-548 / N/A,"location /.git {
    autoindex on;
}","- autoindex on;
+ deny all;",Disabled directory listing and denied access to the .git directory to prevent source code and configuration exposure.
PATCH-0480,nuclei-cwe-200-template,CWE-200 / CVE-2023-3477,Server: Apache/2.4.41 (Ubuntu),"- Server: Apache/2.4.41 (Ubuntu)
+ Server: Apache",Removed verbose server version information from the Server header to thwart targeted automated attacks.
PATCH-0481,nuclei-cwe-200-template,CWE-200 / CVE-2023-3103,Server: Apache/2.4.41 (Ubuntu),"- Server: Apache/2.4.41 (Ubuntu)
+ Server: Apache",Removed verbose server version information from the Server header to thwart targeted automated attacks.
PATCH-0482,nuclei-cwe-693-template,CWE-693 / CVE-2023-8962,"HTTP/1.1 200 OK
Server: nginx
Content-Type: text/html",+ Content-Security-Policy: default-src 'self'; script-src 'self' 'nonce-random123'; object-src 'none',Added Content-Security-Policy header to mitigate XSS vulnerabilities by restricting the sources of executable scripts.
PATCH-0483,nuclei-cwe-548-template,CWE-548 / N/A,"location /.git {
    autoindex on;
}","- autoindex on;
+ deny all;",Disabled directory listing and denied access to the .git directory to prevent source code and configuration exposure.
PATCH-0484,nuclei-cwe-319-template,CWE-319 / N/A,Strict-Transport-Security: max-age=0,"- Strict-Transport-Security: max-age=0
+ Strict-Transport-Security: max-age=31536000; includeSubDomains; preload",Enforced HTTP Strict Transport Security (HSTS) to ensure all communications are encrypted over HTTPS.
PATCH-0485,nuclei-cwe-693-template,CWE-693 / CVE-2023-5845,"HTTP/1.1 200 OK
Server: nginx
Content-Type: text/html",+ Content-Security-Policy: default-src 'self'; script-src 'self' 'nonce-random123'; object-src 'none',Added Content-Security-Policy header to mitigate XSS vulnerabilities by restricting the sources of executable scripts.
PATCH-0486,nuclei-cwe-942-template,CWE-942 / N/A,Access-Control-Allow-Origin: *,"- Access-Control-Allow-Origin: *
+ Access-Control-Allow-Origin: https://trusted-domain.com",Restricted CORS origin to a specific trusted domain instead of a wildcard to prevent unauthorized cross-origin resource access.
PATCH-0487,nuclei-cwe-942-template,CWE-942 / CVE-2023-6455,Access-Control-Allow-Origin: *,"- Access-Control-Allow-Origin: *
+ Access-Control-Allow-Origin: https://trusted-domain.com",Restricted CORS origin to a specific trusted domain instead of a wildcard to prevent unauthorized cross-origin resource access.
PATCH-0488,nuclei-cwe-319-template,CWE-319 / CVE-2023-1414,Strict-Transport-Security: max-age=0,"- Strict-Transport-Security: max-age=0
+ Strict-Transport-Security: max-age=31536000; includeSubDomains; preload",Enforced HTTP Strict Transport Security (HSTS) to ensure all communications are encrypted over HTTPS.
PATCH-0489,nuclei-cwe-548-template,CWE-548 / CVE-2023-5788,"location /.git {
    autoindex on;
}","- autoindex on;
+ deny all;",Disabled directory listing and denied access to the .git directory to prevent source code and configuration exposure.
PATCH-0490,nuclei-cwe-548-template,CWE-548 / N/A,"location /.git {
    autoindex on;
}","- autoindex on;
+ deny all;",Disabled directory listing and denied access to the .git directory to prevent source code and configuration exposure.
PATCH-0491,nuclei-cwe-319-template,CWE-319 / CVE-2023-7908,Strict-Transport-Security: max-age=0,"- Strict-Transport-Security: max-age=0
+ Strict-Transport-Security: max-age=31536000; includeSubDomains; preload",Enforced HTTP Strict Transport Security (HSTS) to ensure all communications are encrypted over HTTPS.
PATCH-0492,nuclei-cwe-693-template,CWE-693 / N/A,"HTTP/1.1 200 OK
Server: nginx
Content-Type: text/html",+ Content-Security-Policy: default-src 'self'; script-src 'self' 'nonce-random123'; object-src 'none',Added Content-Security-Policy header to mitigate XSS vulnerabilities by restricting the sources of executable scripts.
PATCH-0493,nuclei-cwe-693-template,CWE-693 / CVE-2023-2745,"HTTP/1.1 200 OK
Server: nginx
Content-Type: text/html",+ Content-Security-Policy: default-src 'self'; script-src 'self' 'nonce-random123'; object-src 'none',Added Content-Security-Policy header to mitigate XSS vulnerabilities by restricting the sources of executable scripts.
PATCH-0494,nuclei-cwe-200-template,CWE-200 / N/A,Server: Apache/2.4.41 (Ubuntu),"- Server: Apache/2.4.41 (Ubuntu)
+ Server: Apache",Removed verbose server version information from the Server header to thwart targeted automated attacks.
PATCH-0495,nuclei-cwe-942-template,CWE-942 / CVE-2023-5108,Access-Control-Allow-Origin: *,"- Access-Control-Allow-Origin: *
+ Access-Control-Allow-Origin: https://trusted-domain.com",Restricted CORS origin to a specific trusted domain instead of a wildcard to prevent unauthorized cross-origin resource access.
PATCH-0496,nuclei-cwe-200-template,CWE-200 / CVE-2023-7078,Server: Apache/2.4.41 (Ubuntu),"- Server: Apache/2.4.41 (Ubuntu)
+ Server: Apache",Removed verbose server version information from the Server header to thwart targeted automated attacks.
PATCH-0497,nuclei-cwe-942-template,CWE-942 / N/A,Access-Control-Allow-Origin: *,"- Access-Control-Allow-Origin: *
+ Access-Control-Allow-Origin: https://trusted-domain.com",Restricted CORS origin to a specific trusted domain instead of a wildcard to prevent unauthorized cross-origin resource access.
PATCH-0498,nuclei-cwe-942-template,CWE-942 / N/A,Access-Control-Allow-Origin: *,"- Access-Control-Allow-Origin: *
+ Access-Control-Allow-Origin: https://trusted-domain.com",Restricted CORS origin to a specific trusted domain instead of a wildcard to prevent unauthorized cross-origin resource access.
PATCH-0499,nuclei-cwe-942-template,CWE-942 / N/A,Access-Control-Allow-Origin: *,"- Access-Control-Allow-Origin: *
+ Access-Control-Allow-Origin: https://trusted-domain.com",Restricted CORS origin to a specific trusted domain instead of a wildcard to prevent unauthorized cross-origin resource access.
PATCH-0500,nuclei-cwe-693-template,CWE-693 / N/A,"HTTP/1.1 200 OK
Server: nginx
Content-Type: text/html",+ Content-Security-Policy: default-src 'self'; script-src 'self' 'nonce-random123'; object-src 'none',Added Content-Security-Policy header to mitigate XSS vulnerabilities by restricting the sources of executable scripts.
PATCH-0501,nuclei-cwe-200-template,CWE-200 / CVE-2023-5609,Server: Apache/2.4.41 (Ubuntu),"- Server: Apache/2.4.41 (Ubuntu)
+ Server: Apache",Removed verbose server version information from the Server header to thwart targeted automated attacks.
PATCH-0502,nuclei-cwe-319-template,CWE-319 / CVE-2023-6200,Strict-Transport-Security: max-age=0,"- Strict-Transport-Security: max-age=0
+ Strict-Transport-Security: max-age=31536000; includeSubDomains; preload",Enforced HTTP Strict Transport Security (HSTS) to ensure all communications are encrypted over HTTPS.
PATCH-0503,nuclei-cwe-319-template,CWE-319 / CVE-2023-9291,Strict-Transport-Security: max-age=0,"- Strict-Transport-Security: max-age=0
+ Strict-Transport-Security: max-age=31536000; includeSubDomains; preload",Enforced HTTP Strict Transport Security (HSTS) to ensure all communications are encrypted over HTTPS.
PATCH-0504,nuclei-cwe-548-template,CWE-548 / CVE-2023-5943,"location /.git {
    autoindex on;
}","- autoindex on;
+ deny all;",Disabled directory listing and denied access to the .git directory to prevent source code and configuration exposure.
PATCH-0505,nuclei-cwe-200-template,CWE-200 / CVE-2023-6939,Server: Apache/2.4.41 (Ubuntu),"- Server: Apache/2.4.41 (Ubuntu)
+ Server: Apache",Removed verbose server version information from the Server header to thwart targeted automated attacks.
PATCH-0506,nuclei-cwe-548-template,CWE-548 / CVE-2023-7952,"location /.git {
    autoindex on;
}","- autoindex on;
+ deny all;",Disabled directory listing and denied access to the .git directory to prevent source code and configuration exposure.
PATCH-0507,nuclei-cwe-319-template,CWE-319 / CVE-2023-5732,Strict-Transport-Security: max-age=0,"- Strict-Transport-Security: max-age=0
+ Strict-Transport-Security: max-age=31536000; includeSubDomains; preload",Enforced HTTP Strict Transport Security (HSTS) to ensure all communications are encrypted over HTTPS.
PATCH-0508,nuclei-cwe-319-template,CWE-319 / CVE-2023-5624,Strict-Transport-Security: max-age=0,"- Strict-Transport-Security: max-age=0
+ Strict-Transport-Security: max-age=31536000; includeSubDomains; preload",Enforced HTTP Strict Transport Security (HSTS) to ensure all communications are encrypted over HTTPS.
PATCH-0509,nuclei-cwe-942-template,CWE-942 / CVE-2023-8734,Access-Control-Allow-Origin: *,"- Access-Control-Allow-Origin: *
+ Access-Control-Allow-Origin: https://trusted-domain.com",Restricted CORS origin to a specific trusted domain instead of a wildcard to prevent unauthorized cross-origin resource access.
PATCH-0510,nuclei-cwe-942-template,CWE-942 / CVE-2023-2914,Access-Control-Allow-Origin: *,"- Access-Control-Allow-Origin: *
+ Access-Control-Allow-Origin: https://trusted-domain.com",Restricted CORS origin to a specific trusted domain instead of a wildcard to prevent unauthorized cross-origin resource access.
PATCH-0511,nuclei-cwe-942-template,CWE-942 / N/A,Access-Control-Allow-Origin: *,"- Access-Control-Allow-Origin: *
+ Access-Control-Allow-Origin: https://trusted-domain.com",Restricted CORS origin to a specific trusted domain instead of a wildcard to prevent unauthorized cross-origin resource access.
PATCH-0512,nuclei-cwe-200-template,CWE-200 / CVE-2023-1609,Server: Apache/2.4.41 (Ubuntu),"- Server: Apache/2.4.41 (Ubuntu)
+ Server: Apache",Removed verbose server version information from the Server header to thwart targeted automated attacks.
PATCH-0513,nuclei-cwe-200-template,CWE-200 / N/A,Server: Apache/2.4.41 (Ubuntu),"- Server: Apache/2.4.41 (Ubuntu)
+ Server: Apache",Removed verbose server version information from the Server header to thwart targeted automated attacks.
PATCH-0514,nuclei-cwe-319-template,CWE-319 / CVE-2023-3558,Strict-Transport-Security: max-age=0,"- Strict-Transport-Security: max-age=0
+ Strict-Transport-Security: max-age=31536000; includeSubDomains; preload",Enforced HTTP Strict Transport Security (HSTS) to ensure all communications are encrypted over HTTPS.
PATCH-0515,nuclei-cwe-200-template,CWE-200 / CVE-2023-8724,Server: Apache/2.4.41 (Ubuntu),"- Server: Apache/2.4.41 (Ubuntu)
+ Server: Apache",Removed verbose server version information from the Server header to thwart targeted automated attacks.
PATCH-0516,nuclei-cwe-319-template,CWE-319 / N/A,Strict-Transport-Security: max-age=0,"- Strict-Transport-Security: max-age=0
+ Strict-Transport-Security: max-age=31536000; includeSubDomains; preload",Enforced HTTP Strict Transport Security (HSTS) to ensure all communications are encrypted over HTTPS.
PATCH-0517,nuclei-cwe-942-template,CWE-942 / N/A,Access-Control-Allow-Origin: *,"- Access-Control-Allow-Origin: *
+ Access-Control-Allow-Origin: https://trusted-domain.com",Restricted CORS origin to a specific trusted domain instead of a wildcard to prevent unauthorized cross-origin resource access.
PATCH-0518,nuclei-cwe-942-template,CWE-942 / N/A,Access-Control-Allow-Origin: *,"- Access-Control-Allow-Origin: *
+ Access-Control-Allow-Origin: https://trusted-domain.com",Restricted CORS origin to a specific trusted domain instead of a wildcard to prevent unauthorized cross-origin resource access.
PATCH-0519,nuclei-cwe-548-template,CWE-548 / CVE-2023-6718,"location /.git {
    autoindex on;
}","- autoindex on;
+ deny all;",Disabled directory listing and denied access to the .git directory to prevent source code and configuration exposure.
PATCH-0520,nuclei-cwe-200-template,CWE-200 / N/A,Server: Apache/2.4.41 (Ubuntu),"- Server: Apache/2.4.41 (Ubuntu)
+ Server: Apache",Removed verbose server version information from the Server header to thwart targeted automated attacks.
PATCH-0521,nuclei-cwe-548-template,CWE-548 / N/A,"location /.git {
    autoindex on;
}","- autoindex on;
+ deny all;",Disabled directory listing and denied access to the .git directory to prevent source code and configuration exposure.
PATCH-0522,nuclei-cwe-319-template,CWE-319 / N/A,Strict-Transport-Security: max-age=0,"- Strict-Transport-Security: max-age=0
+ Strict-Transport-Security: max-age=31536000; includeSubDomains; preload",Enforced HTTP Strict Transport Security (HSTS) to ensure all communications are encrypted over HTTPS.
PATCH-0523,nuclei-cwe-319-template,CWE-319 / CVE-2023-4616,Strict-Transport-Security: max-age=0,"- Strict-Transport-Security: max-age=0
+ Strict-Transport-Security: max-age=31536000; includeSubDomains; preload",Enforced HTTP Strict Transport Security (HSTS) to ensure all communications are encrypted over HTTPS.
PATCH-0524,nuclei-cwe-942-template,CWE-942 / N/A,Access-Control-Allow-Origin: *,"- Access-Control-Allow-Origin: *
+ Access-Control-Allow-Origin: https://trusted-domain.com",Restricted CORS origin to a specific trusted domain instead of a wildcard to prevent unauthorized cross-origin resource access.
PATCH-0525,nuclei-cwe-942-template,CWE-942 / CVE-2023-3846,Access-Control-Allow-Origin: *,"- Access-Control-Allow-Origin: *
+ Access-Control-Allow-Origin: https://trusted-domain.com",Restricted CORS origin to a specific trusted domain instead of a wildcard to prevent unauthorized cross-origin resource access.
PATCH-0526,nuclei-cwe-319-template,CWE-319 / CVE-2023-8235,Strict-Transport-Security: max-age=0,"- Strict-Transport-Security: max-age=0
+ Strict-Transport-Security: max-age=31536000; includeSubDomains; preload",Enforced HTTP Strict Transport Security (HSTS) to ensure all communications are encrypted over HTTPS.
PATCH-0527,nuclei-cwe-548-template,CWE-548 / N/A,"location /.git {
    autoindex on;
}","- autoindex on;
+ deny all;",Disabled directory listing and denied access to the .git directory to prevent source code and configuration exposure.
PATCH-0528,nuclei-cwe-548-template,CWE-548 / N/A,"location /.git {
    autoindex on;
}","- autoindex on;
+ deny all;",Disabled directory listing and denied access to the .git directory to prevent source code and configuration exposure.
PATCH-0529,nuclei-cwe-319-template,CWE-319 / CVE-2023-6241,Strict-Transport-Security: max-age=0,"- Strict-Transport-Security: max-age=0
+ Strict-Transport-Security: max-age=31536000; includeSubDomains; preload",Enforced HTTP Strict Transport Security (HSTS) to ensure all communications are encrypted over HTTPS.
PATCH-0530,nuclei-cwe-693-template,CWE-693 / N/A,"HTTP/1.1 200 OK
Server: nginx
Content-Type: text/html",+ Content-Security-Policy: default-src 'self'; script-src 'self' 'nonce-random123'; object-src 'none',Added Content-Security-Policy header to mitigate XSS vulnerabilities by restricting the sources of executable scripts.
PATCH-0531,nuclei-cwe-942-template,CWE-942 / N/A,Access-Control-Allow-Origin: *,"- Access-Control-Allow-Origin: *
+ Access-Control-Allow-Origin: https://trusted-domain.com",Restricted CORS origin to a specific trusted domain instead of a wildcard to prevent unauthorized cross-origin resource access.
PATCH-0532,nuclei-cwe-200-template,CWE-200 / N/A,Server: Apache/2.4.41 (Ubuntu),"- Server: Apache/2.4.41 (Ubuntu)
+ Server: Apache",Removed verbose server version information from the Server header to thwart targeted automated attacks.
PATCH-0533,nuclei-cwe-693-template,CWE-693 / CVE-2023-3982,"HTTP/1.1 200 OK
Server: nginx
Content-Type: text/html",+ Content-Security-Policy: default-src 'self'; script-src 'self' 'nonce-random123'; object-src 'none',Added Content-Security-Policy header to mitigate XSS vulnerabilities by restricting the sources of executable scripts.
PATCH-0534,nuclei-cwe-693-template,CWE-693 / CVE-2023-5769,"HTTP/1.1 200 OK
Server: nginx
Content-Type: text/html",+ Content-Security-Policy: default-src 'self'; script-src 'self' 'nonce-random123'; object-src 'none',Added Content-Security-Policy header to mitigate XSS vulnerabilities by restricting the sources of executable scripts.
PATCH-0535,nuclei-cwe-693-template,CWE-693 / CVE-2023-1454,"HTTP/1.1 200 OK
Server: nginx
Content-Type: text/html",+ Content-Security-Policy: default-src 'self'; script-src 'self' 'nonce-random123'; object-src 'none',Added Content-Security-Policy header to mitigate XSS vulnerabilities by restricting the sources of executable scripts.
PATCH-0536,nuclei-cwe-319-template,CWE-319 / CVE-2023-4123,Strict-Transport-Security: max-age=0,"- Strict-Transport-Security: max-age=0
+ Strict-Transport-Security: max-age=31536000; includeSubDomains; preload",Enforced HTTP Strict Transport Security (HSTS) to ensure all communications are encrypted over HTTPS.
PATCH-0537,nuclei-cwe-693-template,CWE-693 / CVE-2023-4323,"HTTP/1.1 200 OK
Server: nginx
Content-Type: text/html",+ Content-Security-Policy: default-src 'self'; script-src 'self' 'nonce-random123'; object-src 'none',Added Content-Security-Policy header to mitigate XSS vulnerabilities by restricting the sources of executable scripts.
PATCH-0538,nuclei-cwe-319-template,CWE-319 / CVE-2023-4352,Strict-Transport-Security: max-age=0,"- Strict-Transport-Security: max-age=0
+ Strict-Transport-Security: max-age=31536000; includeSubDomains; preload",Enforced HTTP Strict Transport Security (HSTS) to ensure all communications are encrypted over HTTPS.
PATCH-0539,nuclei-cwe-200-template,CWE-200 / N/A,Server: Apache/2.4.41 (Ubuntu),"- Server: Apache/2.4.41 (Ubuntu)
+ Server: Apache",Removed verbose server version information from the Server header to thwart targeted automated attacks.
PATCH-0540,nuclei-cwe-693-template,CWE-693 / CVE-2023-9808,"HTTP/1.1 200 OK
Server: nginx
Content-Type: text/html",+ Content-Security-Policy: default-src 'self'; script-src 'self' 'nonce-random123'; object-src 'none',Added Content-Security-Policy header to mitigate XSS vulnerabilities by restricting the sources of executable scripts.
PATCH-0541,nuclei-cwe-319-template,CWE-319 / N/A,Strict-Transport-Security: max-age=0,"- Strict-Transport-Security: max-age=0
+ Strict-Transport-Security: max-age=31536000; includeSubDomains; preload",Enforced HTTP Strict Transport Security (HSTS) to ensure all communications are encrypted over HTTPS.
PATCH-0542,nuclei-cwe-942-template,CWE-942 / N/A,Access-Control-Allow-Origin: *,"- Access-Control-Allow-Origin: *
+ Access-Control-Allow-Origin: https://trusted-domain.com",Restricted CORS origin to a specific trusted domain instead of a wildcard to prevent unauthorized cross-origin resource access.
PATCH-0543,nuclei-cwe-200-template,CWE-200 / N/A,Server: Apache/2.4.41 (Ubuntu),"- Server: Apache/2.4.41 (Ubuntu)
+ Server: Apache",Removed verbose server version information from the Server header to thwart targeted automated attacks.
PATCH-0544,nuclei-cwe-319-template,CWE-319 / N/A,Strict-Transport-Security: max-age=0,"- Strict-Transport-Security: max-age=0
+ Strict-Transport-Security: max-age=31536000; includeSubDomains; preload",Enforced HTTP Strict Transport Security (HSTS) to ensure all communications are encrypted over HTTPS.
PATCH-0545,nuclei-cwe-548-template,CWE-548 / N/A,"location /.git {
    autoindex on;
}","- autoindex on;
+ deny all;",Disabled directory listing and denied access to the .git directory to prevent source code and configuration exposure.
PATCH-0546,nuclei-cwe-942-template,CWE-942 / N/A,Access-Control-Allow-Origin: *,"- Access-Control-Allow-Origin: *
+ Access-Control-Allow-Origin: https://trusted-domain.com",Restricted CORS origin to a specific trusted domain instead of a wildcard to prevent unauthorized cross-origin resource access.
PATCH-0547,nuclei-cwe-942-template,CWE-942 / CVE-2023-3539,Access-Control-Allow-Origin: *,"- Access-Control-Allow-Origin: *
+ Access-Control-Allow-Origin: https://trusted-domain.com",Restricted CORS origin to a specific trusted domain instead of a wildcard to prevent unauthorized cross-origin resource access.
PATCH-0548,nuclei-cwe-548-template,CWE-548 / CVE-2023-7094,"location /.git {
    autoindex on;
}","- autoindex on;
+ deny all;",Disabled directory listing and denied access to the .git directory to prevent source code and configuration exposure.
PATCH-0549,nuclei-cwe-942-template,CWE-942 / CVE-2023-7001,Access-Control-Allow-Origin: *,"- Access-Control-Allow-Origin: *
+ Access-Control-Allow-Origin: https://trusted-domain.com",Restricted CORS origin to a specific trusted domain instead of a wildcard to prevent unauthorized cross-origin resource access.
PATCH-0550,nuclei-cwe-200-template,CWE-200 / CVE-2023-7483,Server: Apache/2.4.41 (Ubuntu),"- Server: Apache/2.4.41 (Ubuntu)
+ Server: Apache",Removed verbose server version information from the Server header to thwart targeted automated attacks.
PATCH-0551,nuclei-cwe-319-template,CWE-319 / CVE-2023-8203,Strict-Transport-Security: max-age=0,"- Strict-Transport-Security: max-age=0
+ Strict-Transport-Security: max-age=31536000; includeSubDomains; preload",Enforced HTTP Strict Transport Security (HSTS) to ensure all communications are encrypted over HTTPS.
PATCH-0552,nuclei-cwe-200-template,CWE-200 / CVE-2023-9252,Server: Apache/2.4.41 (Ubuntu),"- Server: Apache/2.4.41 (Ubuntu)
+ Server: Apache",Removed verbose server version information from the Server header to thwart targeted automated attacks.
PATCH-0553,nuclei-cwe-548-template,CWE-548 / CVE-2023-2519,"location /.git {
    autoindex on;
}","- autoindex on;
+ deny all;",Disabled directory listing and denied access to the .git directory to prevent source code and configuration exposure.
PATCH-0554,nuclei-cwe-693-template,CWE-693 / N/A,"HTTP/1.1 200 OK
Server: nginx
Content-Type: text/html",+ Content-Security-Policy: default-src 'self'; script-src 'self' 'nonce-random123'; object-src 'none',Added Content-Security-Policy header to mitigate XSS vulnerabilities by restricting the sources of executable scripts.
PATCH-0555,nuclei-cwe-200-template,CWE-200 / CVE-2023-2093,Server: Apache/2.4.41 (Ubuntu),"- Server: Apache/2.4.41 (Ubuntu)
+ Server: Apache",Removed verbose server version information from the Server header to thwart targeted automated attacks.
PATCH-0556,nuclei-cwe-200-template,CWE-200 / N/A,Server: Apache/2.4.41 (Ubuntu),"- Server: Apache/2.4.41 (Ubuntu)
+ Server: Apache",Removed verbose server version information from the Server header to thwart targeted automated attacks.
PATCH-0557,nuclei-cwe-200-template,CWE-200 / N/A,Server: Apache/2.4.41 (Ubuntu),"- Server: Apache/2.4.41 (Ubuntu)
+ Server: Apache",Removed verbose server version information from the Server header to thwart targeted automated attacks.
PATCH-0558,nuclei-cwe-200-template,CWE-200 / CVE-2023-8538,Server: Apache/2.4.41 (Ubuntu),"- Server: Apache/2.4.41 (Ubuntu)
+ Server: Apache",Removed verbose server version information from the Server header to thwart targeted automated attacks.
PATCH-0559,nuclei-cwe-319-template,CWE-319 / N/A,Strict-Transport-Security: max-age=0,"- Strict-Transport-Security: max-age=0
+ Strict-Transport-Security: max-age=31536000; includeSubDomains; preload",Enforced HTTP Strict Transport Security (HSTS) to ensure all communications are encrypted over HTTPS.
PATCH-0560,nuclei-cwe-942-template,CWE-942 / N/A,Access-Control-Allow-Origin: *,"- Access-Control-Allow-Origin: *
+ Access-Control-Allow-Origin: https://trusted-domain.com",Restricted CORS origin to a specific trusted domain instead of a wildcard to prevent unauthorized cross-origin resource access.
PATCH-0561,nuclei-cwe-200-template,CWE-200 / N/A,Server: Apache/2.4.41 (Ubuntu),"- Server: Apache/2.4.41 (Ubuntu)
+ Server: Apache",Removed verbose server version information from the Server header to thwart targeted automated attacks.
PATCH-0562,nuclei-cwe-548-template,CWE-548 / N/A,"location /.git {
    autoindex on;
}","- autoindex on;
+ deny all;",Disabled directory listing and denied access to the .git directory to prevent source code and configuration exposure.
PATCH-0563,nuclei-cwe-200-template,CWE-200 / N/A,Server: Apache/2.4.41 (Ubuntu),"- Server: Apache/2.4.41 (Ubuntu)
+ Server: Apache",Removed verbose server version information from the Server header to thwart targeted automated attacks.
PATCH-0564,nuclei-cwe-319-template,CWE-319 / N/A,Strict-Transport-Security: max-age=0,"- Strict-Transport-Security: max-age=0
+ Strict-Transport-Security: max-age=31536000; includeSubDomains; preload",Enforced HTTP Strict Transport Security (HSTS) to ensure all communications are encrypted over HTTPS.
PATCH-0565,nuclei-cwe-200-template,CWE-200 / CVE-2023-9370,Server: Apache/2.4.41 (Ubuntu),"- Server: Apache/2.4.41 (Ubuntu)
+ Server: Apache",Removed verbose server version information from the Server header to thwart targeted automated attacks.
PATCH-0566,nuclei-cwe-693-template,CWE-693 / N/A,"HTTP/1.1 200 OK
Server: nginx
Content-Type: text/html",+ Content-Security-Policy: default-src 'self'; script-src 'self' 'nonce-random123'; object-src 'none',Added Content-Security-Policy header to mitigate XSS vulnerabilities by restricting the sources of executable scripts.
PATCH-0567,nuclei-cwe-200-template,CWE-200 / N/A,Server: Apache/2.4.41 (Ubuntu),"- Server: Apache/2.4.41 (Ubuntu)
+ Server: Apache",Removed verbose server version information from the Server header to thwart targeted automated attacks.
PATCH-0568,nuclei-cwe-319-template,CWE-319 / CVE-2023-7775,Strict-Transport-Security: max-age=0,"- Strict-Transport-Security: max-age=0
+ Strict-Transport-Security: max-age=31536000; includeSubDomains; preload",Enforced HTTP Strict Transport Security (HSTS) to ensure all communications are encrypted over HTTPS.
PATCH-0569,nuclei-cwe-200-template,CWE-200 / CVE-2023-6731,Server: Apache/2.4.41 (Ubuntu),"- Server: Apache/2.4.41 (Ubuntu)
+ Server: Apache",Removed verbose server version information from the Server header to thwart targeted automated attacks.
PATCH-0570,nuclei-cwe-548-template,CWE-548 / N/A,"location /.git {
    autoindex on;
}","- autoindex on;
+ deny all;",Disabled directory listing and denied access to the .git directory to prevent source code and configuration exposure.
PATCH-0571,nuclei-cwe-942-template,CWE-942 / CVE-2023-2577,Access-Control-Allow-Origin: *,"- Access-Control-Allow-Origin: *
+ Access-Control-Allow-Origin: https://trusted-domain.com",Restricted CORS origin to a specific trusted domain instead of a wildcard to prevent unauthorized cross-origin resource access.
PATCH-0572,nuclei-cwe-942-template,CWE-942 / N/A,Access-Control-Allow-Origin: *,"- Access-Control-Allow-Origin: *
+ Access-Control-Allow-Origin: https://trusted-domain.com",Restricted CORS origin to a specific trusted domain instead of a wildcard to prevent unauthorized cross-origin resource access.
PATCH-0573,nuclei-cwe-693-template,CWE-693 / N/A,"HTTP/1.1 200 OK
Server: nginx
Content-Type: text/html",+ Content-Security-Policy: default-src 'self'; script-src 'self' 'nonce-random123'; object-src 'none',Added Content-Security-Policy header to mitigate XSS vulnerabilities by restricting the sources of executable scripts.
PATCH-0574,nuclei-cwe-942-template,CWE-942 / N/A,Access-Control-Allow-Origin: *,"- Access-Control-Allow-Origin: *
+ Access-Control-Allow-Origin: https://trusted-domain.com",Restricted CORS origin to a specific trusted domain instead of a wildcard to prevent unauthorized cross-origin resource access.
PATCH-0575,nuclei-cwe-200-template,CWE-200 / N/A,Server: Apache/2.4.41 (Ubuntu),"- Server: Apache/2.4.41 (Ubuntu)
+ Server: Apache",Removed verbose server version information from the Server header to thwart targeted automated attacks.
PATCH-0576,nuclei-cwe-693-template,CWE-693 / CVE-2023-9435,"HTTP/1.1 200 OK
Server: nginx
Content-Type: text/html",+ Content-Security-Policy: default-src 'self'; script-src 'self' 'nonce-random123'; object-src 'none',Added Content-Security-Policy header to mitigate XSS vulnerabilities by restricting the sources of executable scripts.
PATCH-0577,nuclei-cwe-200-template,CWE-200 / N/A,Server: Apache/2.4.41 (Ubuntu),"- Server: Apache/2.4.41 (Ubuntu)
+ Server: Apache",Removed verbose server version information from the Server header to thwart targeted automated attacks.
PATCH-0578,nuclei-cwe-200-template,CWE-200 / CVE-2023-3279,Server: Apache/2.4.41 (Ubuntu),"- Server: Apache/2.4.41 (Ubuntu)
+ Server: Apache",Removed verbose server version information from the Server header to thwart targeted automated attacks.
PATCH-0579,nuclei-cwe-942-template,CWE-942 / N/A,Access-Control-Allow-Origin: *,"- Access-Control-Allow-Origin: *
+ Access-Control-Allow-Origin: https://trusted-domain.com",Restricted CORS origin to a specific trusted domain instead of a wildcard to prevent unauthorized cross-origin resource access.
PATCH-0580,nuclei-cwe-548-template,CWE-548 / CVE-2023-5724,"location /.git {
    autoindex on;
}","- autoindex on;
+ deny all;",Disabled directory listing and denied access to the .git directory to prevent source code and configuration exposure.
PATCH-0581,nuclei-cwe-200-template,CWE-200 / CVE-2023-8950,Server: Apache/2.4.41 (Ubuntu),"- Server: Apache/2.4.41 (Ubuntu)
+ Server: Apache",Removed verbose server version information from the Server header to thwart targeted automated attacks.
PATCH-0582,nuclei-cwe-693-template,CWE-693 / CVE-2023-5547,"HTTP/1.1 200 OK
Server: nginx
Content-Type: text/html",+ Content-Security-Policy: default-src 'self'; script-src 'self' 'nonce-random123'; object-src 'none',Added Content-Security-Policy header to mitigate XSS vulnerabilities by restricting the sources of executable scripts.
PATCH-0583,nuclei-cwe-548-template,CWE-548 / CVE-2023-6166,"location /.git {
    autoindex on;
}","- autoindex on;
+ deny all;",Disabled directory listing and denied access to the .git directory to prevent source code and configuration exposure.
PATCH-0584,nuclei-cwe-200-template,CWE-200 / N/A,Server: Apache/2.4.41 (Ubuntu),"- Server: Apache/2.4.41 (Ubuntu)
+ Server: Apache",Removed verbose server version information from the Server header to thwart targeted automated attacks.
PATCH-0585,nuclei-cwe-942-template,CWE-942 / CVE-2023-8282,Access-Control-Allow-Origin: *,"- Access-Control-Allow-Origin: *
+ Access-Control-Allow-Origin: https://trusted-domain.com",Restricted CORS origin to a specific trusted domain instead of a wildcard to prevent unauthorized cross-origin resource access.
PATCH-0586,nuclei-cwe-548-template,CWE-548 / N/A,"location /.git {
    autoindex on;
}","- autoindex on;
+ deny all;",Disabled directory listing and denied access to the .git directory to prevent source code and configuration exposure.
PATCH-0587,nuclei-cwe-548-template,CWE-548 / CVE-2023-3669,"location /.git {
    autoindex on;
}","- autoindex on;
+ deny all;",Disabled directory listing and denied access to the .git directory to prevent source code and configuration exposure.
PATCH-0588,nuclei-cwe-942-template,CWE-942 / CVE-2023-7405,Access-Control-Allow-Origin: *,"- Access-Control-Allow-Origin: *
+ Access-Control-Allow-Origin: https://trusted-domain.com",Restricted CORS origin to a specific trusted domain instead of a wildcard to prevent unauthorized cross-origin resource access.
PATCH-0589,nuclei-cwe-548-template,CWE-548 / N/A,"location /.git {
    autoindex on;
}","- autoindex on;
+ deny all;",Disabled directory listing and denied access to the .git directory to prevent source code and configuration exposure.
PATCH-0590,nuclei-cwe-693-template,CWE-693 / N/A,"HTTP/1.1 200 OK
Server: nginx
Content-Type: text/html",+ Content-Security-Policy: default-src 'self'; script-src 'self' 'nonce-random123'; object-src 'none',Added Content-Security-Policy header to mitigate XSS vulnerabilities by restricting the sources of executable scripts.
PATCH-0591,nuclei-cwe-942-template,CWE-942 / CVE-2023-4820,Access-Control-Allow-Origin: *,"- Access-Control-Allow-Origin: *
+ Access-Control-Allow-Origin: https://trusted-domain.com",Restricted CORS origin to a specific trusted domain instead of a wildcard to prevent unauthorized cross-origin resource access.
PATCH-0592,nuclei-cwe-942-template,CWE-942 / CVE-2023-3771,Access-Control-Allow-Origin: *,"- Access-Control-Allow-Origin: *
+ Access-Control-Allow-Origin: https://trusted-domain.com",Restricted CORS origin to a specific trusted domain instead of a wildcard to prevent unauthorized cross-origin resource access.
PATCH-0593,nuclei-cwe-548-template,CWE-548 / CVE-2023-5199,"location /.git {
    autoindex on;
}","- autoindex on;
+ deny all;",Disabled directory listing and denied access to the .git directory to prevent source code and configuration exposure.
PATCH-0594,nuclei-cwe-200-template,CWE-200 / N/A,Server: Apache/2.4.41 (Ubuntu),"- Server: Apache/2.4.41 (Ubuntu)
+ Server: Apache",Removed verbose server version information from the Server header to thwart targeted automated attacks.
PATCH-0595,nuclei-cwe-319-template,CWE-319 / CVE-2023-6200,Strict-Transport-Security: max-age=0,"- Strict-Transport-Security: max-age=0
+ Strict-Transport-Security: max-age=31536000; includeSubDomains; preload",Enforced HTTP Strict Transport Security (HSTS) to ensure all communications are encrypted over HTTPS.
PATCH-0596,nuclei-cwe-548-template,CWE-548 / CVE-2023-7896,"location /.git {
    autoindex on;
}","- autoindex on;
+ deny all;",Disabled directory listing and denied access to the .git directory to prevent source code and configuration exposure.
PATCH-0597,nuclei-cwe-548-template,CWE-548 / CVE-2023-5738,"location /.git {
    autoindex on;
}","- autoindex on;
+ deny all;",Disabled directory listing and denied access to the .git directory to prevent source code and configuration exposure.
PATCH-0598,nuclei-cwe-319-template,CWE-319 / CVE-2023-1773,Strict-Transport-Security: max-age=0,"- Strict-Transport-Security: max-age=0
+ Strict-Transport-Security: max-age=31536000; includeSubDomains; preload",Enforced HTTP Strict Transport Security (HSTS) to ensure all communications are encrypted over HTTPS.
PATCH-0599,nuclei-cwe-693-template,CWE-693 / N/A,"HTTP/1.1 200 OK
Server: nginx
Content-Type: text/html",+ Content-Security-Policy: default-src 'self'; script-src 'self' 'nonce-random123'; object-src 'none',Added Content-Security-Policy header to mitigate XSS vulnerabilities by restricting the sources of executable scripts.
PATCH-0600,nuclei-cwe-200-template,CWE-200 / N/A,Server: Apache/2.4.41 (Ubuntu),"- Server: Apache/2.4.41 (Ubuntu)
+ Server: Apache",Removed verbose server version information from the Server header to thwart targeted automated attacks.
PATCH-0601,nuclei-cwe-548-template,CWE-548 / N/A,"location /.git {
    autoindex on;
}","- autoindex on;
+ deny all;",Disabled directory listing and denied access to the .git directory to prevent source code and configuration exposure.
PATCH-0602,nuclei-cwe-548-template,CWE-548 / CVE-2023-2001,"location /.git {
    autoindex on;
}","- autoindex on;
+ deny all;",Disabled directory listing and denied access to the .git directory to prevent source code and configuration exposure.
PATCH-0603,nuclei-cwe-693-template,CWE-693 / N/A,"HTTP/1.1 200 OK
Server: nginx
Content-Type: text/html",+ Content-Security-Policy: default-src 'self'; script-src 'self' 'nonce-random123'; object-src 'none',Added Content-Security-Policy header to mitigate XSS vulnerabilities by restricting the sources of executable scripts.
PATCH-0604,nuclei-cwe-693-template,CWE-693 / N/A,"HTTP/1.1 200 OK
Server: nginx
Content-Type: text/html",+ Content-Security-Policy: default-src 'self'; script-src 'self' 'nonce-random123'; object-src 'none',Added Content-Security-Policy header to mitigate XSS vulnerabilities by restricting the sources of executable scripts.
PATCH-0605,nuclei-cwe-942-template,CWE-942 / CVE-2023-6198,Access-Control-Allow-Origin: *,"- Access-Control-Allow-Origin: *
+ Access-Control-Allow-Origin: https://trusted-domain.com",Restricted CORS origin to a specific trusted domain instead of a wildcard to prevent unauthorized cross-origin resource access.
PATCH-0606,nuclei-cwe-693-template,CWE-693 / N/A,"HTTP/1.1 200 OK
Server: nginx
Content-Type: text/html",+ Content-Security-Policy: default-src 'self'; script-src 'self' 'nonce-random123'; object-src 'none',Added Content-Security-Policy header to mitigate XSS vulnerabilities by restricting the sources of executable scripts.
PATCH-0607,nuclei-cwe-942-template,CWE-942 / CVE-2023-7521,Access-Control-Allow-Origin: *,"- Access-Control-Allow-Origin: *
+ Access-Control-Allow-Origin: https://trusted-domain.com",Restricted CORS origin to a specific trusted domain instead of a wildcard to prevent unauthorized cross-origin resource access.
PATCH-0608,nuclei-cwe-548-template,CWE-548 / N/A,"location /.git {
    autoindex on;
}","- autoindex on;
+ deny all;",Disabled directory listing and denied access to the .git directory to prevent source code and configuration exposure.
PATCH-0609,nuclei-cwe-942-template,CWE-942 / CVE-2023-2598,Access-Control-Allow-Origin: *,"- Access-Control-Allow-Origin: *
+ Access-Control-Allow-Origin: https://trusted-domain.com",Restricted CORS origin to a specific trusted domain instead of a wildcard to prevent unauthorized cross-origin resource access.
PATCH-0610,nuclei-cwe-319-template,CWE-319 / CVE-2023-7504,Strict-Transport-Security: max-age=0,"- Strict-Transport-Security: max-age=0
+ Strict-Transport-Security: max-age=31536000; includeSubDomains; preload",Enforced HTTP Strict Transport Security (HSTS) to ensure all communications are encrypted over HTTPS.
PATCH-0611,nuclei-cwe-319-template,CWE-319 / N/A,Strict-Transport-Security: max-age=0,"- Strict-Transport-Security: max-age=0
+ Strict-Transport-Security: max-age=31536000; includeSubDomains; preload",Enforced HTTP Strict Transport Security (HSTS) to ensure all communications are encrypted over HTTPS.
PATCH-0612,nuclei-cwe-548-template,CWE-548 / N/A,"location /.git {
    autoindex on;
}","- autoindex on;
+ deny all;",Disabled directory listing and denied access to the .git directory to prevent source code and configuration exposure.
PATCH-0613,nuclei-cwe-548-template,CWE-548 / N/A,"location /.git {
    autoindex on;
}","- autoindex on;
+ deny all;",Disabled directory listing and denied access to the .git directory to prevent source code and configuration exposure.
PATCH-0614,nuclei-cwe-693-template,CWE-693 / N/A,"HTTP/1.1 200 OK
Server: nginx
Content-Type: text/html",+ Content-Security-Policy: default-src 'self'; script-src 'self' 'nonce-random123'; object-src 'none',Added Content-Security-Policy header to mitigate XSS vulnerabilities by restricting the sources of executable scripts.
PATCH-0615,nuclei-cwe-200-template,CWE-200 / N/A,Server: Apache/2.4.41 (Ubuntu),"- Server: Apache/2.4.41 (Ubuntu)
+ Server: Apache",Removed verbose server version information from the Server header to thwart targeted automated attacks.
PATCH-0616,nuclei-cwe-200-template,CWE-200 / CVE-2023-3217,Server: Apache/2.4.41 (Ubuntu),"- Server: Apache/2.4.41 (Ubuntu)
+ Server: Apache",Removed verbose server version information from the Server header to thwart targeted automated attacks.
PATCH-0617,nuclei-cwe-548-template,CWE-548 / CVE-2023-5767,"location /.git {
    autoindex on;
}","- autoindex on;
+ deny all;",Disabled directory listing and denied access to the .git directory to prevent source code and configuration exposure.
PATCH-0618,nuclei-cwe-319-template,CWE-319 / CVE-2023-1379,Strict-Transport-Security: max-age=0,"- Strict-Transport-Security: max-age=0
+ Strict-Transport-Security: max-age=31536000; includeSubDomains; preload",Enforced HTTP Strict Transport Security (HSTS) to ensure all communications are encrypted over HTTPS.
PATCH-0619,nuclei-cwe-942-template,CWE-942 / CVE-2023-6876,Access-Control-Allow-Origin: *,"- Access-Control-Allow-Origin: *
+ Access-Control-Allow-Origin: https://trusted-domain.com",Restricted CORS origin to a specific trusted domain instead of a wildcard to prevent unauthorized cross-origin resource access.
PATCH-0620,nuclei-cwe-319-template,CWE-319 / CVE-2023-4316,Strict-Transport-Security: max-age=0,"- Strict-Transport-Security: max-age=0
+ Strict-Transport-Security: max-age=31536000; includeSubDomains; preload",Enforced HTTP Strict Transport Security (HSTS) to ensure all communications are encrypted over HTTPS.
PATCH-0621,nuclei-cwe-200-template,CWE-200 / N/A,Server: Apache/2.4.41 (Ubuntu),"- Server: Apache/2.4.41 (Ubuntu)
+ Server: Apache",Removed verbose server version information from the Server header to thwart targeted automated attacks.
PATCH-0622,nuclei-cwe-548-template,CWE-548 / N/A,"location /.git {
    autoindex on;
}","- autoindex on;
+ deny all;",Disabled directory listing and denied access to the .git directory to prevent source code and configuration exposure.
PATCH-0623,nuclei-cwe-319-template,CWE-319 / N/A,Strict-Transport-Security: max-age=0,"- Strict-Transport-Security: max-age=0
+ Strict-Transport-Security: max-age=31536000; includeSubDomains; preload",Enforced HTTP Strict Transport Security (HSTS) to ensure all communications are encrypted over HTTPS.
PATCH-0624,nuclei-cwe-200-template,CWE-200 / N/A,Server: Apache/2.4.41 (Ubuntu),"- Server: Apache/2.4.41 (Ubuntu)
+ Server: Apache",Removed verbose server version information from the Server header to thwart targeted automated attacks.
PATCH-0625,nuclei-cwe-319-template,CWE-319 / N/A,Strict-Transport-Security: max-age=0,"- Strict-Transport-Security: max-age=0
+ Strict-Transport-Security: max-age=31536000; includeSubDomains; preload",Enforced HTTP Strict Transport Security (HSTS) to ensure all communications are encrypted over HTTPS.
PATCH-0626,nuclei-cwe-548-template,CWE-548 / CVE-2023-8952,"location /.git {
    autoindex on;
}","- autoindex on;
+ deny all;",Disabled directory listing and denied access to the .git directory to prevent source code and configuration exposure.
PATCH-0627,nuclei-cwe-319-template,CWE-319 / N/A,Strict-Transport-Security: max-age=0,"- Strict-Transport-Security: max-age=0
+ Strict-Transport-Security: max-age=31536000; includeSubDomains; preload",Enforced HTTP Strict Transport Security (HSTS) to ensure all communications are encrypted over HTTPS.
PATCH-0628,nuclei-cwe-942-template,CWE-942 / CVE-2023-6793,Access-Control-Allow-Origin: *,"- Access-Control-Allow-Origin: *
+ Access-Control-Allow-Origin: https://trusted-domain.com",Restricted CORS origin to a specific trusted domain instead of a wildcard to prevent unauthorized cross-origin resource access.
PATCH-0629,nuclei-cwe-942-template,CWE-942 / CVE-2023-6325,Access-Control-Allow-Origin: *,"- Access-Control-Allow-Origin: *
+ Access-Control-Allow-Origin: https://trusted-domain.com",Restricted CORS origin to a specific trusted domain instead of a wildcard to prevent unauthorized cross-origin resource access.
PATCH-0630,nuclei-cwe-942-template,CWE-942 / CVE-2023-3375,Access-Control-Allow-Origin: *,"- Access-Control-Allow-Origin: *
+ Access-Control-Allow-Origin: https://trusted-domain.com",Restricted CORS origin to a specific trusted domain instead of a wildcard to prevent unauthorized cross-origin resource access.
PATCH-0631,nuclei-cwe-942-template,CWE-942 / CVE-2023-6953,Access-Control-Allow-Origin: *,"- Access-Control-Allow-Origin: *
+ Access-Control-Allow-Origin: https://trusted-domain.com",Restricted CORS origin to a specific trusted domain instead of a wildcard to prevent unauthorized cross-origin resource access.
PATCH-0632,nuclei-cwe-319-template,CWE-319 / CVE-2023-7961,Strict-Transport-Security: max-age=0,"- Strict-Transport-Security: max-age=0
+ Strict-Transport-Security: max-age=31536000; includeSubDomains; preload",Enforced HTTP Strict Transport Security (HSTS) to ensure all communications are encrypted over HTTPS.
PATCH-0633,nuclei-cwe-548-template,CWE-548 / N/A,"location /.git {
    autoindex on;
}","- autoindex on;
+ deny all;",Disabled directory listing and denied access to the .git directory to prevent source code and configuration exposure.
PATCH-0634,nuclei-cwe-319-template,CWE-319 / CVE-2023-3875,Strict-Transport-Security: max-age=0,"- Strict-Transport-Security: max-age=0
+ Strict-Transport-Security: max-age=31536000; includeSubDomains; preload",Enforced HTTP Strict Transport Security (HSTS) to ensure all communications are encrypted over HTTPS.
PATCH-0635,nuclei-cwe-548-template,CWE-548 / N/A,"location /.git {
    autoindex on;
}","- autoindex on;
+ deny all;",Disabled directory listing and denied access to the .git directory to prevent source code and configuration exposure.
PATCH-0636,nuclei-cwe-200-template,CWE-200 / CVE-2023-6121,Server: Apache/2.4.41 (Ubuntu),"- Server: Apache/2.4.41 (Ubuntu)
+ Server: Apache",Removed verbose server version information from the Server header to thwart targeted automated attacks.
PATCH-0637,nuclei-cwe-942-template,CWE-942 / CVE-2023-8955,Access-Control-Allow-Origin: *,"- Access-Control-Allow-Origin: *
+ Access-Control-Allow-Origin: https://trusted-domain.com",Restricted CORS origin to a specific trusted domain instead of a wildcard to prevent unauthorized cross-origin resource access.
PATCH-0638,nuclei-cwe-548-template,CWE-548 / CVE-2023-7193,"location /.git {
    autoindex on;
}","- autoindex on;
+ deny all;",Disabled directory listing and denied access to the .git directory to prevent source code and configuration exposure.
PATCH-0639,nuclei-cwe-693-template,CWE-693 / CVE-2023-5056,"HTTP/1.1 200 OK
Server: nginx
Content-Type: text/html",+ Content-Security-Policy: default-src 'self'; script-src 'self' 'nonce-random123'; object-src 'none',Added Content-Security-Policy header to mitigate XSS vulnerabilities by restricting the sources of executable scripts.
PATCH-0640,nuclei-cwe-548-template,CWE-548 / N/A,"location /.git {
    autoindex on;
}","- autoindex on;
+ deny all;",Disabled directory listing and denied access to the .git directory to prevent source code and configuration exposure.
PATCH-0641,nuclei-cwe-693-template,CWE-693 / N/A,"HTTP/1.1 200 OK
Server: nginx
Content-Type: text/html",+ Content-Security-Policy: default-src 'self'; script-src 'self' 'nonce-random123'; object-src 'none',Added Content-Security-Policy header to mitigate XSS vulnerabilities by restricting the sources of executable scripts.
PATCH-0642,nuclei-cwe-200-template,CWE-200 / N/A,Server: Apache/2.4.41 (Ubuntu),"- Server: Apache/2.4.41 (Ubuntu)
+ Server: Apache",Removed verbose server version information from the Server header to thwart targeted automated attacks.
PATCH-0643,nuclei-cwe-200-template,CWE-200 / CVE-2023-7764,Server: Apache/2.4.41 (Ubuntu),"- Server: Apache/2.4.41 (Ubuntu)
+ Server: Apache",Removed verbose server version information from the Server header to thwart targeted automated attacks.
PATCH-0644,nuclei-cwe-942-template,CWE-942 / N/A,Access-Control-Allow-Origin: *,"- Access-Control-Allow-Origin: *
+ Access-Control-Allow-Origin: https://trusted-domain.com",Restricted CORS origin to a specific trusted domain instead of a wildcard to prevent unauthorized cross-origin resource access.
PATCH-0645,nuclei-cwe-693-template,CWE-693 / CVE-2023-6386,"HTTP/1.1 200 OK
Server: nginx
Content-Type: text/html",+ Content-Security-Policy: default-src 'self'; script-src 'self' 'nonce-random123'; object-src 'none',Added Content-Security-Policy header to mitigate XSS vulnerabilities by restricting the sources of executable scripts.
PATCH-0646,nuclei-cwe-319-template,CWE-319 / N/A,Strict-Transport-Security: max-age=0,"- Strict-Transport-Security: max-age=0
+ Strict-Transport-Security: max-age=31536000; includeSubDomains; preload",Enforced HTTP Strict Transport Security (HSTS) to ensure all communications are encrypted over HTTPS.
PATCH-0647,nuclei-cwe-693-template,CWE-693 / N/A,"HTTP/1.1 200 OK
Server: nginx
Content-Type: text/html",+ Content-Security-Policy: default-src 'self'; script-src 'self' 'nonce-random123'; object-src 'none',Added Content-Security-Policy header to mitigate XSS vulnerabilities by restricting the sources of executable scripts.
PATCH-0648,nuclei-cwe-200-template,CWE-200 / CVE-2023-1393,Server: Apache/2.4.41 (Ubuntu),"- Server: Apache/2.4.41 (Ubuntu)
+ Server: Apache",Removed verbose server version information from the Server header to thwart targeted automated attacks.
PATCH-0649,nuclei-cwe-200-template,CWE-200 / CVE-2023-1398,Server: Apache/2.4.41 (Ubuntu),"- Server: Apache/2.4.41 (Ubuntu)
+ Server: Apache",Removed verbose server version information from the Server header to thwart targeted automated attacks.
PATCH-0650,nuclei-cwe-548-template,CWE-548 / CVE-2023-3465,"location /.git {
    autoindex on;
}","- autoindex on;
+ deny all;",Disabled directory listing and denied access to the .git directory to prevent source code and configuration exposure.
PATCH-0651,nuclei-cwe-693-template,CWE-693 / CVE-2023-8140,"HTTP/1.1 200 OK
Server: nginx
Content-Type: text/html",+ Content-Security-Policy: default-src 'self'; script-src 'self' 'nonce-random123'; object-src 'none',Added Content-Security-Policy header to mitigate XSS vulnerabilities by restricting the sources of executable scripts.
PATCH-0652,nuclei-cwe-548-template,CWE-548 / CVE-2023-1001,"location /.git {
    autoindex on;
}","- autoindex on;
+ deny all;",Disabled directory listing and denied access to the .git directory to prevent source code and configuration exposure.
PATCH-0653,nuclei-cwe-942-template,CWE-942 / CVE-2023-4866,Access-Control-Allow-Origin: *,"- Access-Control-Allow-Origin: *
+ Access-Control-Allow-Origin: https://trusted-domain.com",Restricted CORS origin to a specific trusted domain instead of a wildcard to prevent unauthorized cross-origin resource access.
PATCH-0654,nuclei-cwe-319-template,CWE-319 / CVE-2023-6318,Strict-Transport-Security: max-age=0,"- Strict-Transport-Security: max-age=0
+ Strict-Transport-Security: max-age=31536000; includeSubDomains; preload",Enforced HTTP Strict Transport Security (HSTS) to ensure all communications are encrypted over HTTPS.
PATCH-0655,nuclei-cwe-693-template,CWE-693 / N/A,"HTTP/1.1 200 OK
Server: nginx
Content-Type: text/html",+ Content-Security-Policy: default-src 'self'; script-src 'self' 'nonce-random123'; object-src 'none',Added Content-Security-Policy header to mitigate XSS vulnerabilities by restricting the sources of executable scripts.
PATCH-0656,nuclei-cwe-319-template,CWE-319 / CVE-2023-3374,Strict-Transport-Security: max-age=0,"- Strict-Transport-Security: max-age=0
+ Strict-Transport-Security: max-age=31536000; includeSubDomains; preload",Enforced HTTP Strict Transport Security (HSTS) to ensure all communications are encrypted over HTTPS.
PATCH-0657,nuclei-cwe-319-template,CWE-319 / CVE-2023-7311,Strict-Transport-Security: max-age=0,"- Strict-Transport-Security: max-age=0
+ Strict-Transport-Security: max-age=31536000; includeSubDomains; preload",Enforced HTTP Strict Transport Security (HSTS) to ensure all communications are encrypted over HTTPS.
PATCH-0658,nuclei-cwe-942-template,CWE-942 / N/A,Access-Control-Allow-Origin: *,"- Access-Control-Allow-Origin: *
+ Access-Control-Allow-Origin: https://trusted-domain.com",Restricted CORS origin to a specific trusted domain instead of a wildcard to prevent unauthorized cross-origin resource access.
PATCH-0659,nuclei-cwe-693-template,CWE-693 / N/A,"HTTP/1.1 200 OK
Server: nginx
Content-Type: text/html",+ Content-Security-Policy: default-src 'self'; script-src 'self' 'nonce-random123'; object-src 'none',Added Content-Security-Policy header to mitigate XSS vulnerabilities by restricting the sources of executable scripts.
PATCH-0660,nuclei-cwe-319-template,CWE-319 / N/A,Strict-Transport-Security: max-age=0,"- Strict-Transport-Security: max-age=0
+ Strict-Transport-Security: max-age=31536000; includeSubDomains; preload",Enforced HTTP Strict Transport Security (HSTS) to ensure all communications are encrypted over HTTPS.
PATCH-0661,nuclei-cwe-200-template,CWE-200 / N/A,Server: Apache/2.4.41 (Ubuntu),"- Server: Apache/2.4.41 (Ubuntu)
+ Server: Apache",Removed verbose server version information from the Server header to thwart targeted automated attacks.
PATCH-0662,nuclei-cwe-200-template,CWE-200 / CVE-2023-4333,Server: Apache/2.4.41 (Ubuntu),"- Server: Apache/2.4.41 (Ubuntu)
+ Server: Apache",Removed verbose server version information from the Server header to thwart targeted automated attacks.
PATCH-0663,nuclei-cwe-942-template,CWE-942 / N/A,Access-Control-Allow-Origin: *,"- Access-Control-Allow-Origin: *
+ Access-Control-Allow-Origin: https://trusted-domain.com",Restricted CORS origin to a specific trusted domain instead of a wildcard to prevent unauthorized cross-origin resource access.
PATCH-0664,nuclei-cwe-319-template,CWE-319 / CVE-2023-8765,Strict-Transport-Security: max-age=0,"- Strict-Transport-Security: max-age=0
+ Strict-Transport-Security: max-age=31536000; includeSubDomains; preload",Enforced HTTP Strict Transport Security (HSTS) to ensure all communications are encrypted over HTTPS.
PATCH-0665,nuclei-cwe-548-template,CWE-548 / N/A,"location /.git {
    autoindex on;
}","- autoindex on;
+ deny all;",Disabled directory listing and denied access to the .git directory to prevent source code and configuration exposure.
PATCH-0666,nuclei-cwe-942-template,CWE-942 / N/A,Access-Control-Allow-Origin: *,"- Access-Control-Allow-Origin: *
+ Access-Control-Allow-Origin: https://trusted-domain.com",Restricted CORS origin to a specific trusted domain instead of a wildcard to prevent unauthorized cross-origin resource access.
PATCH-0667,nuclei-cwe-548-template,CWE-548 / N/A,"location /.git {
    autoindex on;
}","- autoindex on;
+ deny all;",Disabled directory listing and denied access to the .git directory to prevent source code and configuration exposure.
PATCH-0668,nuclei-cwe-319-template,CWE-319 / N/A,Strict-Transport-Security: max-age=0,"- Strict-Transport-Security: max-age=0
+ Strict-Transport-Security: max-age=31536000; includeSubDomains; preload",Enforced HTTP Strict Transport Security (HSTS) to ensure all communications are encrypted over HTTPS.
PATCH-0669,nuclei-cwe-693-template,CWE-693 / CVE-2023-2369,"HTTP/1.1 200 OK
Server: nginx
Content-Type: text/html",+ Content-Security-Policy: default-src 'self'; script-src 'self' 'nonce-random123'; object-src 'none',Added Content-Security-Policy header to mitigate XSS vulnerabilities by restricting the sources of executable scripts.
PATCH-0670,nuclei-cwe-319-template,CWE-319 / N/A,Strict-Transport-Security: max-age=0,"- Strict-Transport-Security: max-age=0
+ Strict-Transport-Security: max-age=31536000; includeSubDomains; preload",Enforced HTTP Strict Transport Security (HSTS) to ensure all communications are encrypted over HTTPS.
PATCH-0671,nuclei-cwe-548-template,CWE-548 / CVE-2023-7372,"location /.git {
    autoindex on;
}","- autoindex on;
+ deny all;",Disabled directory listing and denied access to the .git directory to prevent source code and configuration exposure.
PATCH-0672,nuclei-cwe-200-template,CWE-200 / N/A,Server: Apache/2.4.41 (Ubuntu),"- Server: Apache/2.4.41 (Ubuntu)
+ Server: Apache",Removed verbose server version information from the Server header to thwart targeted automated attacks.
PATCH-0673,nuclei-cwe-693-template,CWE-693 / N/A,"HTTP/1.1 200 OK
Server: nginx
Content-Type: text/html",+ Content-Security-Policy: default-src 'self'; script-src 'self' 'nonce-random123'; object-src 'none',Added Content-Security-Policy header to mitigate XSS vulnerabilities by restricting the sources of executable scripts.
PATCH-0674,nuclei-cwe-200-template,CWE-200 / CVE-2023-9287,Server: Apache/2.4.41 (Ubuntu),"- Server: Apache/2.4.41 (Ubuntu)
+ Server: Apache",Removed verbose server version information from the Server header to thwart targeted automated attacks.
PATCH-0675,nuclei-cwe-548-template,CWE-548 / N/A,"location /.git {
    autoindex on;
}","- autoindex on;
+ deny all;",Disabled directory listing and denied access to the .git directory to prevent source code and configuration exposure.
PATCH-0676,nuclei-cwe-200-template,CWE-200 / CVE-2023-1475,Server: Apache/2.4.41 (Ubuntu),"- Server: Apache/2.4.41 (Ubuntu)
+ Server: Apache",Removed verbose server version information from the Server header to thwart targeted automated attacks.
PATCH-0677,nuclei-cwe-942-template,CWE-942 / N/A,Access-Control-Allow-Origin: *,"- Access-Control-Allow-Origin: *
+ Access-Control-Allow-Origin: https://trusted-domain.com",Restricted CORS origin to a specific trusted domain instead of a wildcard to prevent unauthorized cross-origin resource access.
PATCH-0678,nuclei-cwe-548-template,CWE-548 / CVE-2023-8302,"location /.git {
    autoindex on;
}","- autoindex on;
+ deny all;",Disabled directory listing and denied access to the .git directory to prevent source code and configuration exposure.
PATCH-0679,nuclei-cwe-200-template,CWE-200 / N/A,Server: Apache/2.4.41 (Ubuntu),"- Server: Apache/2.4.41 (Ubuntu)
+ Server: Apache",Removed verbose server version information from the Server header to thwart targeted automated attacks.
PATCH-0680,nuclei-cwe-693-template,CWE-693 / N/A,"HTTP/1.1 200 OK
Server: nginx
Content-Type: text/html",+ Content-Security-Policy: default-src 'self'; script-src 'self' 'nonce-random123'; object-src 'none',Added Content-Security-Policy header to mitigate XSS vulnerabilities by restricting the sources of executable scripts.
PATCH-0681,nuclei-cwe-200-template,CWE-200 / N/A,Server: Apache/2.4.41 (Ubuntu),"- Server: Apache/2.4.41 (Ubuntu)
+ Server: Apache",Removed verbose server version information from the Server header to thwart targeted automated attacks.
PATCH-0682,nuclei-cwe-319-template,CWE-319 / CVE-2023-1463,Strict-Transport-Security: max-age=0,"- Strict-Transport-Security: max-age=0
+ Strict-Transport-Security: max-age=31536000; includeSubDomains; preload",Enforced HTTP Strict Transport Security (HSTS) to ensure all communications are encrypted over HTTPS.
PATCH-0683,nuclei-cwe-319-template,CWE-319 / CVE-2023-4187,Strict-Transport-Security: max-age=0,"- Strict-Transport-Security: max-age=0
+ Strict-Transport-Security: max-age=31536000; includeSubDomains; preload",Enforced HTTP Strict Transport Security (HSTS) to ensure all communications are encrypted over HTTPS.
PATCH-0684,nuclei-cwe-548-template,CWE-548 / CVE-2023-5447,"location /.git {
    autoindex on;
}","- autoindex on;
+ deny all;",Disabled directory listing and denied access to the .git directory to prevent source code and configuration exposure.
PATCH-0685,nuclei-cwe-942-template,CWE-942 / CVE-2023-8063,Access-Control-Allow-Origin: *,"- Access-Control-Allow-Origin: *
+ Access-Control-Allow-Origin: https://trusted-domain.com",Restricted CORS origin to a specific trusted domain instead of a wildcard to prevent unauthorized cross-origin resource access.
PATCH-0686,nuclei-cwe-319-template,CWE-319 / CVE-2023-5471,Strict-Transport-Security: max-age=0,"- Strict-Transport-Security: max-age=0
+ Strict-Transport-Security: max-age=31536000; includeSubDomains; preload",Enforced HTTP Strict Transport Security (HSTS) to ensure all communications are encrypted over HTTPS.
PATCH-0687,nuclei-cwe-548-template,CWE-548 / CVE-2023-9585,"location /.git {
    autoindex on;
}","- autoindex on;
+ deny all;",Disabled directory listing and denied access to the .git directory to prevent source code and configuration exposure.
PATCH-0688,nuclei-cwe-548-template,CWE-548 / N/A,"location /.git {
    autoindex on;
}","- autoindex on;
+ deny all;",Disabled directory listing and denied access to the .git directory to prevent source code and configuration exposure.
PATCH-0689,nuclei-cwe-200-template,CWE-200 / N/A,Server: Apache/2.4.41 (Ubuntu),"- Server: Apache/2.4.41 (Ubuntu)
+ Server: Apache",Removed verbose server version information from the Server header to thwart targeted automated attacks.
PATCH-0690,nuclei-cwe-548-template,CWE-548 / CVE-2023-7010,"location /.git {
    autoindex on;
}","- autoindex on;
+ deny all;",Disabled directory listing and denied access to the .git directory to prevent source code and configuration exposure.
PATCH-0691,nuclei-cwe-693-template,CWE-693 / N/A,"HTTP/1.1 200 OK
Server: nginx
Content-Type: text/html",+ Content-Security-Policy: default-src 'self'; script-src 'self' 'nonce-random123'; object-src 'none',Added Content-Security-Policy header to mitigate XSS vulnerabilities by restricting the sources of executable scripts.
PATCH-0692,nuclei-cwe-548-template,CWE-548 / CVE-2023-2992,"location /.git {
    autoindex on;
}","- autoindex on;
+ deny all;",Disabled directory listing and denied access to the .git directory to prevent source code and configuration exposure.
PATCH-0693,nuclei-cwe-693-template,CWE-693 / N/A,"HTTP/1.1 200 OK
Server: nginx
Content-Type: text/html",+ Content-Security-Policy: default-src 'self'; script-src 'self' 'nonce-random123'; object-src 'none',Added Content-Security-Policy header to mitigate XSS vulnerabilities by restricting the sources of executable scripts.
PATCH-0694,nuclei-cwe-200-template,CWE-200 / N/A,Server: Apache/2.4.41 (Ubuntu),"- Server: Apache/2.4.41 (Ubuntu)
+ Server: Apache",Removed verbose server version information from the Server header to thwart targeted automated attacks.
PATCH-0695,nuclei-cwe-200-template,CWE-200 / N/A,Server: Apache/2.4.41 (Ubuntu),"- Server: Apache/2.4.41 (Ubuntu)
+ Server: Apache",Removed verbose server version information from the Server header to thwart targeted automated attacks.
PATCH-0696,nuclei-cwe-548-template,CWE-548 / N/A,"location /.git {
    autoindex on;
}","- autoindex on;
+ deny all;",Disabled directory listing and denied access to the .git directory to prevent source code and configuration exposure.
PATCH-0697,nuclei-cwe-942-template,CWE-942 / CVE-2023-7635,Access-Control-Allow-Origin: *,"- Access-Control-Allow-Origin: *
+ Access-Control-Allow-Origin: https://trusted-domain.com",Restricted CORS origin to a specific trusted domain instead of a wildcard to prevent unauthorized cross-origin resource access.
PATCH-0698,nuclei-cwe-942-template,CWE-942 / CVE-2023-4562,Access-Control-Allow-Origin: *,"- Access-Control-Allow-Origin: *
+ Access-Control-Allow-Origin: https://trusted-domain.com",Restricted CORS origin to a specific trusted domain instead of a wildcard to prevent unauthorized cross-origin resource access.
PATCH-0699,nuclei-cwe-319-template,CWE-319 / N/A,Strict-Transport-Security: max-age=0,"- Strict-Transport-Security: max-age=0
+ Strict-Transport-Security: max-age=31536000; includeSubDomains; preload",Enforced HTTP Strict Transport Security (HSTS) to ensure all communications are encrypted over HTTPS.
PATCH-0700,nuclei-cwe-200-template,CWE-200 / N/A,Server: Apache/2.4.41 (Ubuntu),"- Server: Apache/2.4.41 (Ubuntu)
+ Server: Apache",Removed verbose server version information from the Server header to thwart targeted automated attacks.
PATCH-0701,nuclei-cwe-200-template,CWE-200 / N/A,Server: Apache/2.4.41 (Ubuntu),"- Server: Apache/2.4.41 (Ubuntu)
+ Server: Apache",Removed verbose server version information from the Server header to thwart targeted automated attacks.
PATCH-0702,nuclei-cwe-693-template,CWE-693 / N/A,"HTTP/1.1 200 OK
Server: nginx
Content-Type: text/html",+ Content-Security-Policy: default-src 'self'; script-src 'self' 'nonce-random123'; object-src 'none',Added Content-Security-Policy header to mitigate XSS vulnerabilities by restricting the sources of executable scripts.
PATCH-0703,nuclei-cwe-548-template,CWE-548 / N/A,"location /.git {
    autoindex on;
}","- autoindex on;
+ deny all;",Disabled directory listing and denied access to the .git directory to prevent source code and configuration exposure.
PATCH-0704,nuclei-cwe-200-template,CWE-200 / N/A,Server: Apache/2.4.41 (Ubuntu),"- Server: Apache/2.4.41 (Ubuntu)
+ Server: Apache",Removed verbose server version information from the Server header to thwart targeted automated attacks.
PATCH-0705,nuclei-cwe-319-template,CWE-319 / CVE-2023-2956,Strict-Transport-Security: max-age=0,"- Strict-Transport-Security: max-age=0
+ Strict-Transport-Security: max-age=31536000; includeSubDomains; preload",Enforced HTTP Strict Transport Security (HSTS) to ensure all communications are encrypted over HTTPS.
PATCH-0706,nuclei-cwe-200-template,CWE-200 / CVE-2023-7343,Server: Apache/2.4.41 (Ubuntu),"- Server: Apache/2.4.41 (Ubuntu)
+ Server: Apache",Removed verbose server version information from the Server header to thwart targeted automated attacks.
PATCH-0707,nuclei-cwe-693-template,CWE-693 / CVE-2023-7641,"HTTP/1.1 200 OK
Server: nginx
Content-Type: text/html",+ Content-Security-Policy: default-src 'self'; script-src 'self' 'nonce-random123'; object-src 'none',Added Content-Security-Policy header to mitigate XSS vulnerabilities by restricting the sources of executable scripts.
PATCH-0708,nuclei-cwe-693-template,CWE-693 / CVE-2023-2127,"HTTP/1.1 200 OK
Server: nginx
Content-Type: text/html",+ Content-Security-Policy: default-src 'self'; script-src 'self' 'nonce-random123'; object-src 'none',Added Content-Security-Policy header to mitigate XSS vulnerabilities by restricting the sources of executable scripts.
PATCH-0709,nuclei-cwe-548-template,CWE-548 / N/A,"location /.git {
    autoindex on;
}","- autoindex on;
+ deny all;",Disabled directory listing and denied access to the .git directory to prevent source code and configuration exposure.
PATCH-0710,nuclei-cwe-548-template,CWE-548 / N/A,"location /.git {
    autoindex on;
}","- autoindex on;
+ deny all;",Disabled directory listing and denied access to the .git directory to prevent source code and configuration exposure.
PATCH-0711,nuclei-cwe-200-template,CWE-200 / CVE-2023-8922,Server: Apache/2.4.41 (Ubuntu),"- Server: Apache/2.4.41 (Ubuntu)
+ Server: Apache",Removed verbose server version information from the Server header to thwart targeted automated attacks.
PATCH-0712,nuclei-cwe-548-template,CWE-548 / CVE-2023-9727,"location /.git {
    autoindex on;
}","- autoindex on;
+ deny all;",Disabled directory listing and denied access to the .git directory to prevent source code and configuration exposure.
PATCH-0713,nuclei-cwe-548-template,CWE-548 / N/A,"location /.git {
    autoindex on;
}","- autoindex on;
+ deny all;",Disabled directory listing and denied access to the .git directory to prevent source code and configuration exposure.
PATCH-0714,nuclei-cwe-942-template,CWE-942 / N/A,Access-Control-Allow-Origin: *,"- Access-Control-Allow-Origin: *
+ Access-Control-Allow-Origin: https://trusted-domain.com",Restricted CORS origin to a specific trusted domain instead of a wildcard to prevent unauthorized cross-origin resource access.
PATCH-0715,nuclei-cwe-319-template,CWE-319 / N/A,Strict-Transport-Security: max-age=0,"- Strict-Transport-Security: max-age=0
+ Strict-Transport-Security: max-age=31536000; includeSubDomains; preload",Enforced HTTP Strict Transport Security (HSTS) to ensure all communications are encrypted over HTTPS.
PATCH-0716,nuclei-cwe-942-template,CWE-942 / CVE-2023-8032,Access-Control-Allow-Origin: *,"- Access-Control-Allow-Origin: *
+ Access-Control-Allow-Origin: https://trusted-domain.com",Restricted CORS origin to a specific trusted domain instead of a wildcard to prevent unauthorized cross-origin resource access.
PATCH-0717,nuclei-cwe-548-template,CWE-548 / CVE-2023-8272,"location /.git {
    autoindex on;
}","- autoindex on;
+ deny all;",Disabled directory listing and denied access to the .git directory to prevent source code and configuration exposure.
PATCH-0718,nuclei-cwe-319-template,CWE-319 / CVE-2023-2400,Strict-Transport-Security: max-age=0,"- Strict-Transport-Security: max-age=0
+ Strict-Transport-Security: max-age=31536000; includeSubDomains; preload",Enforced HTTP Strict Transport Security (HSTS) to ensure all communications are encrypted over HTTPS.
PATCH-0719,nuclei-cwe-200-template,CWE-200 / N/A,Server: Apache/2.4.41 (Ubuntu),"- Server: Apache/2.4.41 (Ubuntu)
+ Server: Apache",Removed verbose server version information from the Server header to thwart targeted automated attacks.
PATCH-0720,nuclei-cwe-942-template,CWE-942 / CVE-2023-2319,Access-Control-Allow-Origin: *,"- Access-Control-Allow-Origin: *
+ Access-Control-Allow-Origin: https://trusted-domain.com",Restricted CORS origin to a specific trusted domain instead of a wildcard to prevent unauthorized cross-origin resource access.
PATCH-0721,nuclei-cwe-942-template,CWE-942 / CVE-2023-4244,Access-Control-Allow-Origin: *,"- Access-Control-Allow-Origin: *
+ Access-Control-Allow-Origin: https://trusted-domain.com",Restricted CORS origin to a specific trusted domain instead of a wildcard to prevent unauthorized cross-origin resource access.
PATCH-0722,nuclei-cwe-693-template,CWE-693 / N/A,"HTTP/1.1 200 OK
Server: nginx
Content-Type: text/html",+ Content-Security-Policy: default-src 'self'; script-src 'self' 'nonce-random123'; object-src 'none',Added Content-Security-Policy header to mitigate XSS vulnerabilities by restricting the sources of executable scripts.
PATCH-0723,nuclei-cwe-942-template,CWE-942 / CVE-2023-4892,Access-Control-Allow-Origin: *,"- Access-Control-Allow-Origin: *
+ Access-Control-Allow-Origin: https://trusted-domain.com",Restricted CORS origin to a specific trusted domain instead of a wildcard to prevent unauthorized cross-origin resource access.
PATCH-0724,nuclei-cwe-319-template,CWE-319 / N/A,Strict-Transport-Security: max-age=0,"- Strict-Transport-Security: max-age=0
+ Strict-Transport-Security: max-age=31536000; includeSubDomains; preload",Enforced HTTP Strict Transport Security (HSTS) to ensure all communications are encrypted over HTTPS.
PATCH-0725,nuclei-cwe-319-template,CWE-319 / CVE-2023-1648,Strict-Transport-Security: max-age=0,"- Strict-Transport-Security: max-age=0
+ Strict-Transport-Security: max-age=31536000; includeSubDomains; preload",Enforced HTTP Strict Transport Security (HSTS) to ensure all communications are encrypted over HTTPS.
PATCH-0726,nuclei-cwe-319-template,CWE-319 / N/A,Strict-Transport-Security: max-age=0,"- Strict-Transport-Security: max-age=0
+ Strict-Transport-Security: max-age=31536000; includeSubDomains; preload",Enforced HTTP Strict Transport Security (HSTS) to ensure all communications are encrypted over HTTPS.
PATCH-0727,nuclei-cwe-548-template,CWE-548 / N/A,"location /.git {
    autoindex on;
}","- autoindex on;
+ deny all;",Disabled directory listing and denied access to the .git directory to prevent source code and configuration exposure.
PATCH-0728,nuclei-cwe-693-template,CWE-693 / N/A,"HTTP/1.1 200 OK
Server: nginx
Content-Type: text/html",+ Content-Security-Policy: default-src 'self'; script-src 'self' 'nonce-random123'; object-src 'none',Added Content-Security-Policy header to mitigate XSS vulnerabilities by restricting the sources of executable scripts.
PATCH-0729,nuclei-cwe-200-template,CWE-200 / N/A,Server: Apache/2.4.41 (Ubuntu),"- Server: Apache/2.4.41 (Ubuntu)
+ Server: Apache",Removed verbose server version information from the Server header to thwart targeted automated attacks.
PATCH-0730,nuclei-cwe-319-template,CWE-319 / CVE-2023-8708,Strict-Transport-Security: max-age=0,"- Strict-Transport-Security: max-age=0
+ Strict-Transport-Security: max-age=31536000; includeSubDomains; preload",Enforced HTTP Strict Transport Security (HSTS) to ensure all communications are encrypted over HTTPS.
PATCH-0731,nuclei-cwe-319-template,CWE-319 / CVE-2023-4669,Strict-Transport-Security: max-age=0,"- Strict-Transport-Security: max-age=0
+ Strict-Transport-Security: max-age=31536000; includeSubDomains; preload",Enforced HTTP Strict Transport Security (HSTS) to ensure all communications are encrypted over HTTPS.
PATCH-0732,nuclei-cwe-319-template,CWE-319 / N/A,Strict-Transport-Security: max-age=0,"- Strict-Transport-Security: max-age=0
+ Strict-Transport-Security: max-age=31536000; includeSubDomains; preload",Enforced HTTP Strict Transport Security (HSTS) to ensure all communications are encrypted over HTTPS.
PATCH-0733,nuclei-cwe-319-template,CWE-319 / N/A,Strict-Transport-Security: max-age=0,"- Strict-Transport-Security: max-age=0
+ Strict-Transport-Security: max-age=31536000; includeSubDomains; preload",Enforced HTTP Strict Transport Security (HSTS) to ensure all communications are encrypted over HTTPS.
PATCH-0734,nuclei-cwe-548-template,CWE-548 / CVE-2023-1682,"location /.git {
    autoindex on;
}","- autoindex on;
+ deny all;",Disabled directory listing and denied access to the .git directory to prevent source code and configuration exposure.
PATCH-0735,nuclei-cwe-319-template,CWE-319 / CVE-2023-7831,Strict-Transport-Security: max-age=0,"- Strict-Transport-Security: max-age=0
+ Strict-Transport-Security: max-age=31536000; includeSubDomains; preload",Enforced HTTP Strict Transport Security (HSTS) to ensure all communications are encrypted over HTTPS.
PATCH-0736,nuclei-cwe-548-template,CWE-548 / N/A,"location /.git {
    autoindex on;
}","- autoindex on;
+ deny all;",Disabled directory listing and denied access to the .git directory to prevent source code and configuration exposure.
PATCH-0737,nuclei-cwe-319-template,CWE-319 / N/A,Strict-Transport-Security: max-age=0,"- Strict-Transport-Security: max-age=0
+ Strict-Transport-Security: max-age=31536000; includeSubDomains; preload",Enforced HTTP Strict Transport Security (HSTS) to ensure all communications are encrypted over HTTPS.
PATCH-0738,nuclei-cwe-548-template,CWE-548 / CVE-2023-4189,"location /.git {
    autoindex on;
}","- autoindex on;
+ deny all;",Disabled directory listing and denied access to the .git directory to prevent source code and configuration exposure.
PATCH-0739,nuclei-cwe-548-template,CWE-548 / N/A,"location /.git {
    autoindex on;
}","- autoindex on;
+ deny all;",Disabled directory listing and denied access to the .git directory to prevent source code and configuration exposure.
PATCH-0740,nuclei-cwe-548-template,CWE-548 / N/A,"location /.git {
    autoindex on;
}","- autoindex on;
+ deny all;",Disabled directory listing and denied access to the .git directory to prevent source code and configuration exposure.
PATCH-0741,nuclei-cwe-693-template,CWE-693 / CVE-2023-9407,"HTTP/1.1 200 OK
Server: nginx
Content-Type: text/html",+ Content-Security-Policy: default-src 'self'; script-src 'self' 'nonce-random123'; object-src 'none',Added Content-Security-Policy header to mitigate XSS vulnerabilities by restricting the sources of executable scripts.
PATCH-0742,nuclei-cwe-319-template,CWE-319 / N/A,Strict-Transport-Security: max-age=0,"- Strict-Transport-Security: max-age=0
+ Strict-Transport-Security: max-age=31536000; includeSubDomains; preload",Enforced HTTP Strict Transport Security (HSTS) to ensure all communications are encrypted over HTTPS.
PATCH-0743,nuclei-cwe-200-template,CWE-200 / N/A,Server: Apache/2.4.41 (Ubuntu),"- Server: Apache/2.4.41 (Ubuntu)
+ Server: Apache",Removed verbose server version information from the Server header to thwart targeted automated attacks.
PATCH-0744,nuclei-cwe-942-template,CWE-942 / N/A,Access-Control-Allow-Origin: *,"- Access-Control-Allow-Origin: *
+ Access-Control-Allow-Origin: https://trusted-domain.com",Restricted CORS origin to a specific trusted domain instead of a wildcard to prevent unauthorized cross-origin resource access.
PATCH-0745,nuclei-cwe-548-template,CWE-548 / CVE-2023-8436,"location /.git {
    autoindex on;
}","- autoindex on;
+ deny all;",Disabled directory listing and denied access to the .git directory to prevent source code and configuration exposure.
PATCH-0746,nuclei-cwe-319-template,CWE-319 / CVE-2023-1737,Strict-Transport-Security: max-age=0,"- Strict-Transport-Security: max-age=0
+ Strict-Transport-Security: max-age=31536000; includeSubDomains; preload",Enforced HTTP Strict Transport Security (HSTS) to ensure all communications are encrypted over HTTPS.
PATCH-0747,nuclei-cwe-548-template,CWE-548 / CVE-2023-9415,"location /.git {
    autoindex on;
}","- autoindex on;
+ deny all;",Disabled directory listing and denied access to the .git directory to prevent source code and configuration exposure.
PATCH-0748,nuclei-cwe-942-template,CWE-942 / CVE-2023-4827,Access-Control-Allow-Origin: *,"- Access-Control-Allow-Origin: *
+ Access-Control-Allow-Origin: https://trusted-domain.com",Restricted CORS origin to a specific trusted domain instead of a wildcard to prevent unauthorized cross-origin resource access.
PATCH-0749,nuclei-cwe-942-template,CWE-942 / CVE-2023-7853,Access-Control-Allow-Origin: *,"- Access-Control-Allow-Origin: *
+ Access-Control-Allow-Origin: https://trusted-domain.com",Restricted CORS origin to a specific trusted domain instead of a wildcard to prevent unauthorized cross-origin resource access.
PATCH-0750,nuclei-cwe-942-template,CWE-942 / N/A,Access-Control-Allow-Origin: *,"- Access-Control-Allow-Origin: *
+ Access-Control-Allow-Origin: https://trusted-domain.com",Restricted CORS origin to a specific trusted domain instead of a wildcard to prevent unauthorized cross-origin resource access.
PATCH-0751,nuclei-cwe-693-template,CWE-693 / N/A,"HTTP/1.1 200 OK
Server: nginx
Content-Type: text/html",+ Content-Security-Policy: default-src 'self'; script-src 'self' 'nonce-random123'; object-src 'none',Added Content-Security-Policy header to mitigate XSS vulnerabilities by restricting the sources of executable scripts.
PATCH-0752,nuclei-cwe-548-template,CWE-548 / N/A,"location /.git {
    autoindex on;
}","- autoindex on;
+ deny all;",Disabled directory listing and denied access to the .git directory to prevent source code and configuration exposure.
PATCH-0753,nuclei-cwe-548-template,CWE-548 / N/A,"location /.git {
    autoindex on;
}","- autoindex on;
+ deny all;",Disabled directory listing and denied access to the .git directory to prevent source code and configuration exposure.
PATCH-0754,nuclei-cwe-319-template,CWE-319 / N/A,Strict-Transport-Security: max-age=0,"- Strict-Transport-Security: max-age=0
+ Strict-Transport-Security: max-age=31536000; includeSubDomains; preload",Enforced HTTP Strict Transport Security (HSTS) to ensure all communications are encrypted over HTTPS.
PATCH-0755,nuclei-cwe-200-template,CWE-200 / CVE-2023-5645,Server: Apache/2.4.41 (Ubuntu),"- Server: Apache/2.4.41 (Ubuntu)
+ Server: Apache",Removed verbose server version information from the Server header to thwart targeted automated attacks.
PATCH-0756,nuclei-cwe-548-template,CWE-548 / CVE-2023-2976,"location /.git {
    autoindex on;
}","- autoindex on;
+ deny all;",Disabled directory listing and denied access to the .git directory to prevent source code and configuration exposure.
PATCH-0757,nuclei-cwe-693-template,CWE-693 / CVE-2023-1837,"HTTP/1.1 200 OK
Server: nginx
Content-Type: text/html",+ Content-Security-Policy: default-src 'self'; script-src 'self' 'nonce-random123'; object-src 'none',Added Content-Security-Policy header to mitigate XSS vulnerabilities by restricting the sources of executable scripts.
PATCH-0758,nuclei-cwe-942-template,CWE-942 / CVE-2023-1197,Access-Control-Allow-Origin: *,"- Access-Control-Allow-Origin: *
+ Access-Control-Allow-Origin: https://trusted-domain.com",Restricted CORS origin to a specific trusted domain instead of a wildcard to prevent unauthorized cross-origin resource access.
PATCH-0759,nuclei-cwe-942-template,CWE-942 / CVE-2023-5553,Access-Control-Allow-Origin: *,"- Access-Control-Allow-Origin: *
+ Access-Control-Allow-Origin: https://trusted-domain.com",Restricted CORS origin to a specific trusted domain instead of a wildcard to prevent unauthorized cross-origin resource access.
PATCH-0760,nuclei-cwe-319-template,CWE-319 / CVE-2023-4561,Strict-Transport-Security: max-age=0,"- Strict-Transport-Security: max-age=0
+ Strict-Transport-Security: max-age=31536000; includeSubDomains; preload",Enforced HTTP Strict Transport Security (HSTS) to ensure all communications are encrypted over HTTPS.
PATCH-0761,nuclei-cwe-942-template,CWE-942 / N/A,Access-Control-Allow-Origin: *,"- Access-Control-Allow-Origin: *
+ Access-Control-Allow-Origin: https://trusted-domain.com",Restricted CORS origin to a specific trusted domain instead of a wildcard to prevent unauthorized cross-origin resource access.
PATCH-0762,nuclei-cwe-942-template,CWE-942 / N/A,Access-Control-Allow-Origin: *,"- Access-Control-Allow-Origin: *
+ Access-Control-Allow-Origin: https://trusted-domain.com",Restricted CORS origin to a specific trusted domain instead of a wildcard to prevent unauthorized cross-origin resource access.
PATCH-0763,nuclei-cwe-319-template,CWE-319 / CVE-2023-4174,Strict-Transport-Security: max-age=0,"- Strict-Transport-Security: max-age=0
+ Strict-Transport-Security: max-age=31536000; includeSubDomains; preload",Enforced HTTP Strict Transport Security (HSTS) to ensure all communications are encrypted over HTTPS.
PATCH-0764,nuclei-cwe-200-template,CWE-200 / N/A,Server: Apache/2.4.41 (Ubuntu),"- Server: Apache/2.4.41 (Ubuntu)
+ Server: Apache",Removed verbose server version information from the Server header to thwart targeted automated attacks.
PATCH-0765,nuclei-cwe-319-template,CWE-319 / CVE-2023-1771,Strict-Transport-Security: max-age=0,"- Strict-Transport-Security: max-age=0
+ Strict-Transport-Security: max-age=31536000; includeSubDomains; preload",Enforced HTTP Strict Transport Security (HSTS) to ensure all communications are encrypted over HTTPS.
PATCH-0766,nuclei-cwe-200-template,CWE-200 / CVE-2023-8326,Server: Apache/2.4.41 (Ubuntu),"- Server: Apache/2.4.41 (Ubuntu)
+ Server: Apache",Removed verbose server version information from the Server header to thwart targeted automated attacks.
PATCH-0767,nuclei-cwe-942-template,CWE-942 / N/A,Access-Control-Allow-Origin: *,"- Access-Control-Allow-Origin: *
+ Access-Control-Allow-Origin: https://trusted-domain.com",Restricted CORS origin to a specific trusted domain instead of a wildcard to prevent unauthorized cross-origin resource access.
PATCH-0768,nuclei-cwe-942-template,CWE-942 / N/A,Access-Control-Allow-Origin: *,"- Access-Control-Allow-Origin: *
+ Access-Control-Allow-Origin: https://trusted-domain.com",Restricted CORS origin to a specific trusted domain instead of a wildcard to prevent unauthorized cross-origin resource access.
PATCH-0769,nuclei-cwe-319-template,CWE-319 / CVE-2023-5385,Strict-Transport-Security: max-age=0,"- Strict-Transport-Security: max-age=0
+ Strict-Transport-Security: max-age=31536000; includeSubDomains; preload",Enforced HTTP Strict Transport Security (HSTS) to ensure all communications are encrypted over HTTPS.
PATCH-0770,nuclei-cwe-942-template,CWE-942 / N/A,Access-Control-Allow-Origin: *,"- Access-Control-Allow-Origin: *
+ Access-Control-Allow-Origin: https://trusted-domain.com",Restricted CORS origin to a specific trusted domain instead of a wildcard to prevent unauthorized cross-origin resource access.
PATCH-0771,nuclei-cwe-548-template,CWE-548 / N/A,"location /.git {
    autoindex on;
}","- autoindex on;
+ deny all;",Disabled directory listing and denied access to the .git directory to prevent source code and configuration exposure.
PATCH-0772,nuclei-cwe-693-template,CWE-693 / CVE-2023-9077,"HTTP/1.1 200 OK
Server: nginx
Content-Type: text/html",+ Content-Security-Policy: default-src 'self'; script-src 'self' 'nonce-random123'; object-src 'none',Added Content-Security-Policy header to mitigate XSS vulnerabilities by restricting the sources of executable scripts.
PATCH-0773,nuclei-cwe-693-template,CWE-693 / CVE-2023-9129,"HTTP/1.1 200 OK
Server: nginx
Content-Type: text/html",+ Content-Security-Policy: default-src 'self'; script-src 'self' 'nonce-random123'; object-src 'none',Added Content-Security-Policy header to mitigate XSS vulnerabilities by restricting the sources of executable scripts.
PATCH-0774,nuclei-cwe-319-template,CWE-319 / N/A,Strict-Transport-Security: max-age=0,"- Strict-Transport-Security: max-age=0
+ Strict-Transport-Security: max-age=31536000; includeSubDomains; preload",Enforced HTTP Strict Transport Security (HSTS) to ensure all communications are encrypted over HTTPS.
PATCH-0775,nuclei-cwe-548-template,CWE-548 / N/A,"location /.git {
    autoindex on;
}","- autoindex on;
+ deny all;",Disabled directory listing and denied access to the .git directory to prevent source code and configuration exposure.
PATCH-0776,nuclei-cwe-548-template,CWE-548 / CVE-2023-5978,"location /.git {
    autoindex on;
}","- autoindex on;
+ deny all;",Disabled directory listing and denied access to the .git directory to prevent source code and configuration exposure.
PATCH-0777,nuclei-cwe-200-template,CWE-200 / N/A,Server: Apache/2.4.41 (Ubuntu),"- Server: Apache/2.4.41 (Ubuntu)
+ Server: Apache",Removed verbose server version information from the Server header to thwart targeted automated attacks.
PATCH-0778,nuclei-cwe-942-template,CWE-942 / N/A,Access-Control-Allow-Origin: *,"- Access-Control-Allow-Origin: *
+ Access-Control-Allow-Origin: https://trusted-domain.com",Restricted CORS origin to a specific trusted domain instead of a wildcard to prevent unauthorized cross-origin resource access.
PATCH-0779,nuclei-cwe-942-template,CWE-942 / CVE-2023-6688,Access-Control-Allow-Origin: *,"- Access-Control-Allow-Origin: *
+ Access-Control-Allow-Origin: https://trusted-domain.com",Restricted CORS origin to a specific trusted domain instead of a wildcard to prevent unauthorized cross-origin resource access.
PATCH-0780,nuclei-cwe-942-template,CWE-942 / N/A,Access-Control-Allow-Origin: *,"- Access-Control-Allow-Origin: *
+ Access-Control-Allow-Origin: https://trusted-domain.com",Restricted CORS origin to a specific trusted domain instead of a wildcard to prevent unauthorized cross-origin resource access.
PATCH-0781,nuclei-cwe-942-template,CWE-942 / CVE-2023-8698,Access-Control-Allow-Origin: *,"- Access-Control-Allow-Origin: *
+ Access-Control-Allow-Origin: https://trusted-domain.com",Restricted CORS origin to a specific trusted domain instead of a wildcard to prevent unauthorized cross-origin resource access.
PATCH-0782,nuclei-cwe-548-template,CWE-548 / N/A,"location /.git {
    autoindex on;
}","- autoindex on;
+ deny all;",Disabled directory listing and denied access to the .git directory to prevent source code and configuration exposure.
PATCH-0783,nuclei-cwe-200-template,CWE-200 / CVE-2023-5736,Server: Apache/2.4.41 (Ubuntu),"- Server: Apache/2.4.41 (Ubuntu)
+ Server: Apache",Removed verbose server version information from the Server header to thwart targeted automated attacks.
PATCH-0784,nuclei-cwe-319-template,CWE-319 / CVE-2023-3705,Strict-Transport-Security: max-age=0,"- Strict-Transport-Security: max-age=0
+ Strict-Transport-Security: max-age=31536000; includeSubDomains; preload",Enforced HTTP Strict Transport Security (HSTS) to ensure all communications are encrypted over HTTPS.
PATCH-0785,nuclei-cwe-548-template,CWE-548 / N/A,"location /.git {
    autoindex on;
}","- autoindex on;
+ deny all;",Disabled directory listing and denied access to the .git directory to prevent source code and configuration exposure.
PATCH-0786,nuclei-cwe-319-template,CWE-319 / N/A,Strict-Transport-Security: max-age=0,"- Strict-Transport-Security: max-age=0
+ Strict-Transport-Security: max-age=31536000; includeSubDomains; preload",Enforced HTTP Strict Transport Security (HSTS) to ensure all communications are encrypted over HTTPS.
PATCH-0787,nuclei-cwe-942-template,CWE-942 / N/A,Access-Control-Allow-Origin: *,"- Access-Control-Allow-Origin: *
+ Access-Control-Allow-Origin: https://trusted-domain.com",Restricted CORS origin to a specific trusted domain instead of a wildcard to prevent unauthorized cross-origin resource access.
PATCH-0788,nuclei-cwe-942-template,CWE-942 / CVE-2023-1313,Access-Control-Allow-Origin: *,"- Access-Control-Allow-Origin: *
+ Access-Control-Allow-Origin: https://trusted-domain.com",Restricted CORS origin to a specific trusted domain instead of a wildcard to prevent unauthorized cross-origin resource access.
PATCH-0789,nuclei-cwe-200-template,CWE-200 / N/A,Server: Apache/2.4.41 (Ubuntu),"- Server: Apache/2.4.41 (Ubuntu)
+ Server: Apache",Removed verbose server version information from the Server header to thwart targeted automated attacks.
PATCH-0790,nuclei-cwe-942-template,CWE-942 / CVE-2023-1151,Access-Control-Allow-Origin: *,"- Access-Control-Allow-Origin: *
+ Access-Control-Allow-Origin: https://trusted-domain.com",Restricted CORS origin to a specific trusted domain instead of a wildcard to prevent unauthorized cross-origin resource access.
PATCH-0791,nuclei-cwe-942-template,CWE-942 / N/A,Access-Control-Allow-Origin: *,"- Access-Control-Allow-Origin: *
+ Access-Control-Allow-Origin: https://trusted-domain.com",Restricted CORS origin to a specific trusted domain instead of a wildcard to prevent unauthorized cross-origin resource access.
PATCH-0792,nuclei-cwe-693-template,CWE-693 / CVE-2023-7892,"HTTP/1.1 200 OK
Server: nginx
Content-Type: text/html",+ Content-Security-Policy: default-src 'self'; script-src 'self' 'nonce-random123'; object-src 'none',Added Content-Security-Policy header to mitigate XSS vulnerabilities by restricting the sources of executable scripts.
PATCH-0793,nuclei-cwe-319-template,CWE-319 / CVE-2023-2772,Strict-Transport-Security: max-age=0,"- Strict-Transport-Security: max-age=0
+ Strict-Transport-Security: max-age=31536000; includeSubDomains; preload",Enforced HTTP Strict Transport Security (HSTS) to ensure all communications are encrypted over HTTPS.
PATCH-0794,nuclei-cwe-548-template,CWE-548 / CVE-2023-7879,"location /.git {
    autoindex on;
}","- autoindex on;
+ deny all;",Disabled directory listing and denied access to the .git directory to prevent source code and configuration exposure.
PATCH-0795,nuclei-cwe-942-template,CWE-942 / N/A,Access-Control-Allow-Origin: *,"- Access-Control-Allow-Origin: *
+ Access-Control-Allow-Origin: https://trusted-domain.com",Restricted CORS origin to a specific trusted domain instead of a wildcard to prevent unauthorized cross-origin resource access.
PATCH-0796,nuclei-cwe-693-template,CWE-693 / CVE-2023-6317,"HTTP/1.1 200 OK
Server: nginx
Content-Type: text/html",+ Content-Security-Policy: default-src 'self'; script-src 'self' 'nonce-random123'; object-src 'none',Added Content-Security-Policy header to mitigate XSS vulnerabilities by restricting the sources of executable scripts.
PATCH-0797,nuclei-cwe-200-template,CWE-200 / CVE-2023-1490,Server: Apache/2.4.41 (Ubuntu),"- Server: Apache/2.4.41 (Ubuntu)
+ Server: Apache",Removed verbose server version information from the Server header to thwart targeted automated attacks.
PATCH-0798,nuclei-cwe-693-template,CWE-693 / N/A,"HTTP/1.1 200 OK
Server: nginx
Content-Type: text/html",+ Content-Security-Policy: default-src 'self'; script-src 'self' 'nonce-random123'; object-src 'none',Added Content-Security-Policy header to mitigate XSS vulnerabilities by restricting the sources of executable scripts.
PATCH-0799,nuclei-cwe-942-template,CWE-942 / CVE-2023-4385,Access-Control-Allow-Origin: *,"- Access-Control-Allow-Origin: *
+ Access-Control-Allow-Origin: https://trusted-domain.com",Restricted CORS origin to a specific trusted domain instead of a wildcard to prevent unauthorized cross-origin resource access.
PATCH-0800,nuclei-cwe-319-template,CWE-319 / CVE-2023-8502,Strict-Transport-Security: max-age=0,"- Strict-Transport-Security: max-age=0
+ Strict-Transport-Security: max-age=31536000; includeSubDomains; preload",Enforced HTTP Strict Transport Security (HSTS) to ensure all communications are encrypted over HTTPS.
PATCH-0801,nuclei-cwe-319-template,CWE-319 / CVE-2023-8349,Strict-Transport-Security: max-age=0,"- Strict-Transport-Security: max-age=0
+ Strict-Transport-Security: max-age=31536000; includeSubDomains; preload",Enforced HTTP Strict Transport Security (HSTS) to ensure all communications are encrypted over HTTPS.
PATCH-0802,nuclei-cwe-942-template,CWE-942 / N/A,Access-Control-Allow-Origin: *,"- Access-Control-Allow-Origin: *
+ Access-Control-Allow-Origin: https://trusted-domain.com",Restricted CORS origin to a specific trusted domain instead of a wildcard to prevent unauthorized cross-origin resource access.
PATCH-0803,nuclei-cwe-942-template,CWE-942 / N/A,Access-Control-Allow-Origin: *,"- Access-Control-Allow-Origin: *
+ Access-Control-Allow-Origin: https://trusted-domain.com",Restricted CORS origin to a specific trusted domain instead of a wildcard to prevent unauthorized cross-origin resource access.
PATCH-0804,nuclei-cwe-200-template,CWE-200 / CVE-2023-9805,Server: Apache/2.4.41 (Ubuntu),"- Server: Apache/2.4.41 (Ubuntu)
+ Server: Apache",Removed verbose server version information from the Server header to thwart targeted automated attacks.
PATCH-0805,nuclei-cwe-942-template,CWE-942 / N/A,Access-Control-Allow-Origin: *,"- Access-Control-Allow-Origin: *
+ Access-Control-Allow-Origin: https://trusted-domain.com",Restricted CORS origin to a specific trusted domain instead of a wildcard to prevent unauthorized cross-origin resource access.
PATCH-0806,nuclei-cwe-942-template,CWE-942 / CVE-2023-5554,Access-Control-Allow-Origin: *,"- Access-Control-Allow-Origin: *
+ Access-Control-Allow-Origin: https://trusted-domain.com",Restricted CORS origin to a specific trusted domain instead of a wildcard to prevent unauthorized cross-origin resource access.
PATCH-0807,nuclei-cwe-693-template,CWE-693 / N/A,"HTTP/1.1 200 OK
Server: nginx
Content-Type: text/html",+ Content-Security-Policy: default-src 'self'; script-src 'self' 'nonce-random123'; object-src 'none',Added Content-Security-Policy header to mitigate XSS vulnerabilities by restricting the sources of executable scripts.
PATCH-0808,nuclei-cwe-319-template,CWE-319 / N/A,Strict-Transport-Security: max-age=0,"- Strict-Transport-Security: max-age=0
+ Strict-Transport-Security: max-age=31536000; includeSubDomains; preload",Enforced HTTP Strict Transport Security (HSTS) to ensure all communications are encrypted over HTTPS.
PATCH-0809,nuclei-cwe-548-template,CWE-548 / CVE-2023-6539,"location /.git {
    autoindex on;
}","- autoindex on;
+ deny all;",Disabled directory listing and denied access to the .git directory to prevent source code and configuration exposure.
PATCH-0810,nuclei-cwe-200-template,CWE-200 / N/A,Server: Apache/2.4.41 (Ubuntu),"- Server: Apache/2.4.41 (Ubuntu)
+ Server: Apache",Removed verbose server version information from the Server header to thwart targeted automated attacks.
PATCH-0811,nuclei-cwe-942-template,CWE-942 / N/A,Access-Control-Allow-Origin: *,"- Access-Control-Allow-Origin: *
+ Access-Control-Allow-Origin: https://trusted-domain.com",Restricted CORS origin to a specific trusted domain instead of a wildcard to prevent unauthorized cross-origin resource access.
PATCH-0812,nuclei-cwe-942-template,CWE-942 / CVE-2023-4048,Access-Control-Allow-Origin: *,"- Access-Control-Allow-Origin: *
+ Access-Control-Allow-Origin: https://trusted-domain.com",Restricted CORS origin to a specific trusted domain instead of a wildcard to prevent unauthorized cross-origin resource access.
PATCH-0813,nuclei-cwe-942-template,CWE-942 / CVE-2023-8819,Access-Control-Allow-Origin: *,"- Access-Control-Allow-Origin: *
+ Access-Control-Allow-Origin: https://trusted-domain.com",Restricted CORS origin to a specific trusted domain instead of a wildcard to prevent unauthorized cross-origin resource access.
PATCH-0814,nuclei-cwe-942-template,CWE-942 / N/A,Access-Control-Allow-Origin: *,"- Access-Control-Allow-Origin: *
+ Access-Control-Allow-Origin: https://trusted-domain.com",Restricted CORS origin to a specific trusted domain instead of a wildcard to prevent unauthorized cross-origin resource access.
PATCH-0815,nuclei-cwe-942-template,CWE-942 / CVE-2023-3348,Access-Control-Allow-Origin: *,"- Access-Control-Allow-Origin: *
+ Access-Control-Allow-Origin: https://trusted-domain.com",Restricted CORS origin to a specific trusted domain instead of a wildcard to prevent unauthorized cross-origin resource access.
PATCH-0816,nuclei-cwe-548-template,CWE-548 / CVE-2023-1940,"location /.git {
    autoindex on;
}","- autoindex on;
+ deny all;",Disabled directory listing and denied access to the .git directory to prevent source code and configuration exposure.
PATCH-0817,nuclei-cwe-942-template,CWE-942 / N/A,Access-Control-Allow-Origin: *,"- Access-Control-Allow-Origin: *
+ Access-Control-Allow-Origin: https://trusted-domain.com",Restricted CORS origin to a specific trusted domain instead of a wildcard to prevent unauthorized cross-origin resource access.
PATCH-0818,nuclei-cwe-200-template,CWE-200 / N/A,Server: Apache/2.4.41 (Ubuntu),"- Server: Apache/2.4.41 (Ubuntu)
+ Server: Apache",Removed verbose server version information from the Server header to thwart targeted automated attacks.
PATCH-0819,nuclei-cwe-942-template,CWE-942 / CVE-2023-2088,Access-Control-Allow-Origin: *,"- Access-Control-Allow-Origin: *
+ Access-Control-Allow-Origin: https://trusted-domain.com",Restricted CORS origin to a specific trusted domain instead of a wildcard to prevent unauthorized cross-origin resource access.
PATCH-0820,nuclei-cwe-693-template,CWE-693 / N/A,"HTTP/1.1 200 OK
Server: nginx
Content-Type: text/html",+ Content-Security-Policy: default-src 'self'; script-src 'self' 'nonce-random123'; object-src 'none',Added Content-Security-Policy header to mitigate XSS vulnerabilities by restricting the sources of executable scripts.
PATCH-0821,nuclei-cwe-319-template,CWE-319 / CVE-2023-3781,Strict-Transport-Security: max-age=0,"- Strict-Transport-Security: max-age=0
+ Strict-Transport-Security: max-age=31536000; includeSubDomains; preload",Enforced HTTP Strict Transport Security (HSTS) to ensure all communications are encrypted over HTTPS.
PATCH-0822,nuclei-cwe-942-template,CWE-942 / CVE-2023-5681,Access-Control-Allow-Origin: *,"- Access-Control-Allow-Origin: *
+ Access-Control-Allow-Origin: https://trusted-domain.com",Restricted CORS origin to a specific trusted domain instead of a wildcard to prevent unauthorized cross-origin resource access.
PATCH-0823,nuclei-cwe-693-template,CWE-693 / N/A,"HTTP/1.1 200 OK
Server: nginx
Content-Type: text/html",+ Content-Security-Policy: default-src 'self'; script-src 'self' 'nonce-random123'; object-src 'none',Added Content-Security-Policy header to mitigate XSS vulnerabilities by restricting the sources of executable scripts.
PATCH-0824,nuclei-cwe-548-template,CWE-548 / N/A,"location /.git {
    autoindex on;
}","- autoindex on;
+ deny all;",Disabled directory listing and denied access to the .git directory to prevent source code and configuration exposure.
PATCH-0825,nuclei-cwe-942-template,CWE-942 / N/A,Access-Control-Allow-Origin: *,"- Access-Control-Allow-Origin: *
+ Access-Control-Allow-Origin: https://trusted-domain.com",Restricted CORS origin to a specific trusted domain instead of a wildcard to prevent unauthorized cross-origin resource access.
PATCH-0826,nuclei-cwe-319-template,CWE-319 / CVE-2023-4805,Strict-Transport-Security: max-age=0,"- Strict-Transport-Security: max-age=0
+ Strict-Transport-Security: max-age=31536000; includeSubDomains; preload",Enforced HTTP Strict Transport Security (HSTS) to ensure all communications are encrypted over HTTPS.
PATCH-0827,nuclei-cwe-200-template,CWE-200 / CVE-2023-1929,Server: Apache/2.4.41 (Ubuntu),"- Server: Apache/2.4.41 (Ubuntu)
+ Server: Apache",Removed verbose server version information from the Server header to thwart targeted automated attacks.
PATCH-0828,nuclei-cwe-200-template,CWE-200 / CVE-2023-6287,Server: Apache/2.4.41 (Ubuntu),"- Server: Apache/2.4.41 (Ubuntu)
+ Server: Apache",Removed verbose server version information from the Server header to thwart targeted automated attacks.
PATCH-0829,nuclei-cwe-942-template,CWE-942 / N/A,Access-Control-Allow-Origin: *,"- Access-Control-Allow-Origin: *
+ Access-Control-Allow-Origin: https://trusted-domain.com",Restricted CORS origin to a specific trusted domain instead of a wildcard to prevent unauthorized cross-origin resource access.
PATCH-0830,nuclei-cwe-693-template,CWE-693 / CVE-2023-7381,"HTTP/1.1 200 OK
Server: nginx
Content-Type: text/html",+ Content-Security-Policy: default-src 'self'; script-src 'self' 'nonce-random123'; object-src 'none',Added Content-Security-Policy header to mitigate XSS vulnerabilities by restricting the sources of executable scripts.
PATCH-0831,nuclei-cwe-942-template,CWE-942 / N/A,Access-Control-Allow-Origin: *,"- Access-Control-Allow-Origin: *
+ Access-Control-Allow-Origin: https://trusted-domain.com",Restricted CORS origin to a specific trusted domain instead of a wildcard to prevent unauthorized cross-origin resource access.
PATCH-0832,nuclei-cwe-200-template,CWE-200 / CVE-2023-3499,Server: Apache/2.4.41 (Ubuntu),"- Server: Apache/2.4.41 (Ubuntu)
+ Server: Apache",Removed verbose server version information from the Server header to thwart targeted automated attacks.
PATCH-0833,nuclei-cwe-319-template,CWE-319 / CVE-2023-6134,Strict-Transport-Security: max-age=0,"- Strict-Transport-Security: max-age=0
+ Strict-Transport-Security: max-age=31536000; includeSubDomains; preload",Enforced HTTP Strict Transport Security (HSTS) to ensure all communications are encrypted over HTTPS.
PATCH-0834,nuclei-cwe-548-template,CWE-548 / CVE-2023-3156,"location /.git {
    autoindex on;
}","- autoindex on;
+ deny all;",Disabled directory listing and denied access to the .git directory to prevent source code and configuration exposure.
PATCH-0835,nuclei-cwe-942-template,CWE-942 / N/A,Access-Control-Allow-Origin: *,"- Access-Control-Allow-Origin: *
+ Access-Control-Allow-Origin: https://trusted-domain.com",Restricted CORS origin to a specific trusted domain instead of a wildcard to prevent unauthorized cross-origin resource access.
PATCH-0836,nuclei-cwe-942-template,CWE-942 / N/A,Access-Control-Allow-Origin: *,"- Access-Control-Allow-Origin: *
+ Access-Control-Allow-Origin: https://trusted-domain.com",Restricted CORS origin to a specific trusted domain instead of a wildcard to prevent unauthorized cross-origin resource access.
PATCH-0837,nuclei-cwe-942-template,CWE-942 / N/A,Access-Control-Allow-Origin: *,"- Access-Control-Allow-Origin: *
+ Access-Control-Allow-Origin: https://trusted-domain.com",Restricted CORS origin to a specific trusted domain instead of a wildcard to prevent unauthorized cross-origin resource access.
PATCH-0838,nuclei-cwe-200-template,CWE-200 / CVE-2023-8926,Server: Apache/2.4.41 (Ubuntu),"- Server: Apache/2.4.41 (Ubuntu)
+ Server: Apache",Removed verbose server version information from the Server header to thwart targeted automated attacks.
PATCH-0839,nuclei-cwe-693-template,CWE-693 / CVE-2023-8461,"HTTP/1.1 200 OK
Server: nginx
Content-Type: text/html",+ Content-Security-Policy: default-src 'self'; script-src 'self' 'nonce-random123'; object-src 'none',Added Content-Security-Policy header to mitigate XSS vulnerabilities by restricting the sources of executable scripts.
PATCH-0840,nuclei-cwe-942-template,CWE-942 / N/A,Access-Control-Allow-Origin: *,"- Access-Control-Allow-Origin: *
+ Access-Control-Allow-Origin: https://trusted-domain.com",Restricted CORS origin to a specific trusted domain instead of a wildcard to prevent unauthorized cross-origin resource access.
PATCH-0841,nuclei-cwe-319-template,CWE-319 / N/A,Strict-Transport-Security: max-age=0,"- Strict-Transport-Security: max-age=0
+ Strict-Transport-Security: max-age=31536000; includeSubDomains; preload",Enforced HTTP Strict Transport Security (HSTS) to ensure all communications are encrypted over HTTPS.
PATCH-0842,nuclei-cwe-693-template,CWE-693 / N/A,"HTTP/1.1 200 OK
Server: nginx
Content-Type: text/html",+ Content-Security-Policy: default-src 'self'; script-src 'self' 'nonce-random123'; object-src 'none',Added Content-Security-Policy header to mitigate XSS vulnerabilities by restricting the sources of executable scripts.
PATCH-0843,nuclei-cwe-200-template,CWE-200 / CVE-2023-3860,Server: Apache/2.4.41 (Ubuntu),"- Server: Apache/2.4.41 (Ubuntu)
+ Server: Apache",Removed verbose server version information from the Server header to thwart targeted automated attacks.
PATCH-0844,nuclei-cwe-942-template,CWE-942 / CVE-2023-4142,Access-Control-Allow-Origin: *,"- Access-Control-Allow-Origin: *
+ Access-Control-Allow-Origin: https://trusted-domain.com",Restricted CORS origin to a specific trusted domain instead of a wildcard to prevent unauthorized cross-origin resource access.
PATCH-0845,nuclei-cwe-693-template,CWE-693 / N/A,"HTTP/1.1 200 OK
Server: nginx
Content-Type: text/html",+ Content-Security-Policy: default-src 'self'; script-src 'self' 'nonce-random123'; object-src 'none',Added Content-Security-Policy header to mitigate XSS vulnerabilities by restricting the sources of executable scripts.
PATCH-0846,nuclei-cwe-548-template,CWE-548 / N/A,"location /.git {
    autoindex on;
}","- autoindex on;
+ deny all;",Disabled directory listing and denied access to the .git directory to prevent source code and configuration exposure.
PATCH-0847,nuclei-cwe-942-template,CWE-942 / N/A,Access-Control-Allow-Origin: *,"- Access-Control-Allow-Origin: *
+ Access-Control-Allow-Origin: https://trusted-domain.com",Restricted CORS origin to a specific trusted domain instead of a wildcard to prevent unauthorized cross-origin resource access.
PATCH-0848,nuclei-cwe-200-template,CWE-200 / N/A,Server: Apache/2.4.41 (Ubuntu),"- Server: Apache/2.4.41 (Ubuntu)
+ Server: Apache",Removed verbose server version information from the Server header to thwart targeted automated attacks.
PATCH-0849,nuclei-cwe-548-template,CWE-548 / CVE-2023-5785,"location /.git {
    autoindex on;
}","- autoindex on;
+ deny all;",Disabled directory listing and denied access to the .git directory to prevent source code and configuration exposure.
PATCH-0850,nuclei-cwe-319-template,CWE-319 / N/A,Strict-Transport-Security: max-age=0,"- Strict-Transport-Security: max-age=0
+ Strict-Transport-Security: max-age=31536000; includeSubDomains; preload",Enforced HTTP Strict Transport Security (HSTS) to ensure all communications are encrypted over HTTPS.
PATCH-0851,nuclei-cwe-200-template,CWE-200 / CVE-2023-8863,Server: Apache/2.4.41 (Ubuntu),"- Server: Apache/2.4.41 (Ubuntu)
+ Server: Apache",Removed verbose server version information from the Server header to thwart targeted automated attacks.
PATCH-0852,nuclei-cwe-200-template,CWE-200 / CVE-2023-6200,Server: Apache/2.4.41 (Ubuntu),"- Server: Apache/2.4.41 (Ubuntu)
+ Server: Apache",Removed verbose server version information from the Server header to thwart targeted automated attacks.
PATCH-0853,nuclei-cwe-942-template,CWE-942 / N/A,Access-Control-Allow-Origin: *,"- Access-Control-Allow-Origin: *
+ Access-Control-Allow-Origin: https://trusted-domain.com",Restricted CORS origin to a specific trusted domain instead of a wildcard to prevent unauthorized cross-origin resource access.
PATCH-0854,nuclei-cwe-319-template,CWE-319 / CVE-2023-8372,Strict-Transport-Security: max-age=0,"- Strict-Transport-Security: max-age=0
+ Strict-Transport-Security: max-age=31536000; includeSubDomains; preload",Enforced HTTP Strict Transport Security (HSTS) to ensure all communications are encrypted over HTTPS.
PATCH-0855,nuclei-cwe-548-template,CWE-548 / N/A,"location /.git {
    autoindex on;
}","- autoindex on;
+ deny all;",Disabled directory listing and denied access to the .git directory to prevent source code and configuration exposure.
PATCH-0856,nuclei-cwe-693-template,CWE-693 / N/A,"HTTP/1.1 200 OK
Server: nginx
Content-Type: text/html",+ Content-Security-Policy: default-src 'self'; script-src 'self' 'nonce-random123'; object-src 'none',Added Content-Security-Policy header to mitigate XSS vulnerabilities by restricting the sources of executable scripts.
PATCH-0857,nuclei-cwe-319-template,CWE-319 / CVE-2023-3017,Strict-Transport-Security: max-age=0,"- Strict-Transport-Security: max-age=0
+ Strict-Transport-Security: max-age=31536000; includeSubDomains; preload",Enforced HTTP Strict Transport Security (HSTS) to ensure all communications are encrypted over HTTPS.
PATCH-0858,nuclei-cwe-942-template,CWE-942 / N/A,Access-Control-Allow-Origin: *,"- Access-Control-Allow-Origin: *
+ Access-Control-Allow-Origin: https://trusted-domain.com",Restricted CORS origin to a specific trusted domain instead of a wildcard to prevent unauthorized cross-origin resource access.
PATCH-0859,nuclei-cwe-200-template,CWE-200 / CVE-2023-7283,Server: Apache/2.4.41 (Ubuntu),"- Server: Apache/2.4.41 (Ubuntu)
+ Server: Apache",Removed verbose server version information from the Server header to thwart targeted automated attacks.
PATCH-0860,nuclei-cwe-319-template,CWE-319 / CVE-2023-4972,Strict-Transport-Security: max-age=0,"- Strict-Transport-Security: max-age=0
+ Strict-Transport-Security: max-age=31536000; includeSubDomains; preload",Enforced HTTP Strict Transport Security (HSTS) to ensure all communications are encrypted over HTTPS.
PATCH-0861,nuclei-cwe-319-template,CWE-319 / CVE-2023-5778,Strict-Transport-Security: max-age=0,"- Strict-Transport-Security: max-age=0
+ Strict-Transport-Security: max-age=31536000; includeSubDomains; preload",Enforced HTTP Strict Transport Security (HSTS) to ensure all communications are encrypted over HTTPS.
PATCH-0862,nuclei-cwe-548-template,CWE-548 / CVE-2023-7359,"location /.git {
    autoindex on;
}","- autoindex on;
+ deny all;",Disabled directory listing and denied access to the .git directory to prevent source code and configuration exposure.
PATCH-0863,nuclei-cwe-200-template,CWE-200 / N/A,Server: Apache/2.4.41 (Ubuntu),"- Server: Apache/2.4.41 (Ubuntu)
+ Server: Apache",Removed verbose server version information from the Server header to thwart targeted automated attacks.
PATCH-0864,nuclei-cwe-200-template,CWE-200 / N/A,Server: Apache/2.4.41 (Ubuntu),"- Server: Apache/2.4.41 (Ubuntu)
+ Server: Apache",Removed verbose server version information from the Server header to thwart targeted automated attacks.
PATCH-0865,nuclei-cwe-942-template,CWE-942 / N/A,Access-Control-Allow-Origin: *,"- Access-Control-Allow-Origin: *
+ Access-Control-Allow-Origin: https://trusted-domain.com",Restricted CORS origin to a specific trusted domain instead of a wildcard to prevent unauthorized cross-origin resource access.
PATCH-0866,nuclei-cwe-319-template,CWE-319 / N/A,Strict-Transport-Security: max-age=0,"- Strict-Transport-Security: max-age=0
+ Strict-Transport-Security: max-age=31536000; includeSubDomains; preload",Enforced HTTP Strict Transport Security (HSTS) to ensure all communications are encrypted over HTTPS.
PATCH-0867,nuclei-cwe-548-template,CWE-548 / CVE-2023-2421,"location /.git {
    autoindex on;
}","- autoindex on;
+ deny all;",Disabled directory listing and denied access to the .git directory to prevent source code and configuration exposure.
PATCH-0868,nuclei-cwe-942-template,CWE-942 / N/A,Access-Control-Allow-Origin: *,"- Access-Control-Allow-Origin: *
+ Access-Control-Allow-Origin: https://trusted-domain.com",Restricted CORS origin to a specific trusted domain instead of a wildcard to prevent unauthorized cross-origin resource access.
PATCH-0869,nuclei-cwe-548-template,CWE-548 / N/A,"location /.git {
    autoindex on;
}","- autoindex on;
+ deny all;",Disabled directory listing and denied access to the .git directory to prevent source code and configuration exposure.
PATCH-0870,nuclei-cwe-693-template,CWE-693 / CVE-2023-9255,"HTTP/1.1 200 OK
Server: nginx
Content-Type: text/html",+ Content-Security-Policy: default-src 'self'; script-src 'self' 'nonce-random123'; object-src 'none',Added Content-Security-Policy header to mitigate XSS vulnerabilities by restricting the sources of executable scripts.
PATCH-0871,nuclei-cwe-200-template,CWE-200 / N/A,Server: Apache/2.4.41 (Ubuntu),"- Server: Apache/2.4.41 (Ubuntu)
+ Server: Apache",Removed verbose server version information from the Server header to thwart targeted automated attacks.
PATCH-0872,nuclei-cwe-548-template,CWE-548 / N/A,"location /.git {
    autoindex on;
}","- autoindex on;
+ deny all;",Disabled directory listing and denied access to the .git directory to prevent source code and configuration exposure.
PATCH-0873,nuclei-cwe-548-template,CWE-548 / N/A,"location /.git {
    autoindex on;
}","- autoindex on;
+ deny all;",Disabled directory listing and denied access to the .git directory to prevent source code and configuration exposure.
PATCH-0874,nuclei-cwe-200-template,CWE-200 / CVE-2023-3826,Server: Apache/2.4.41 (Ubuntu),"- Server: Apache/2.4.41 (Ubuntu)
+ Server: Apache",Removed verbose server version information from the Server header to thwart targeted automated attacks.
PATCH-0875,nuclei-cwe-548-template,CWE-548 / CVE-2023-2873,"location /.git {
    autoindex on;
}","- autoindex on;
+ deny all;",Disabled directory listing and denied access to the .git directory to prevent source code and configuration exposure.
PATCH-0876,nuclei-cwe-548-template,CWE-548 / N/A,"location /.git {
    autoindex on;
}","- autoindex on;
+ deny all;",Disabled directory listing and denied access to the .git directory to prevent source code and configuration exposure.
PATCH-0877,nuclei-cwe-693-template,CWE-693 / CVE-2023-8224,"HTTP/1.1 200 OK
Server: nginx
Content-Type: text/html",+ Content-Security-Policy: default-src 'self'; script-src 'self' 'nonce-random123'; object-src 'none',Added Content-Security-Policy header to mitigate XSS vulnerabilities by restricting the sources of executable scripts.
PATCH-0878,nuclei-cwe-693-template,CWE-693 / CVE-2023-7580,"HTTP/1.1 200 OK
Server: nginx
Content-Type: text/html",+ Content-Security-Policy: default-src 'self'; script-src 'self' 'nonce-random123'; object-src 'none',Added Content-Security-Policy header to mitigate XSS vulnerabilities by restricting the sources of executable scripts.
PATCH-0879,nuclei-cwe-319-template,CWE-319 / N/A,Strict-Transport-Security: max-age=0,"- Strict-Transport-Security: max-age=0
+ Strict-Transport-Security: max-age=31536000; includeSubDomains; preload",Enforced HTTP Strict Transport Security (HSTS) to ensure all communications are encrypted over HTTPS.
PATCH-0880,nuclei-cwe-942-template,CWE-942 / N/A,Access-Control-Allow-Origin: *,"- Access-Control-Allow-Origin: *
+ Access-Control-Allow-Origin: https://trusted-domain.com",Restricted CORS origin to a specific trusted domain instead of a wildcard to prevent unauthorized cross-origin resource access.
PATCH-0881,nuclei-cwe-319-template,CWE-319 / N/A,Strict-Transport-Security: max-age=0,"- Strict-Transport-Security: max-age=0
+ Strict-Transport-Security: max-age=31536000; includeSubDomains; preload",Enforced HTTP Strict Transport Security (HSTS) to ensure all communications are encrypted over HTTPS.
PATCH-0882,nuclei-cwe-693-template,CWE-693 / N/A,"HTTP/1.1 200 OK
Server: nginx
Content-Type: text/html",+ Content-Security-Policy: default-src 'self'; script-src 'self' 'nonce-random123'; object-src 'none',Added Content-Security-Policy header to mitigate XSS vulnerabilities by restricting the sources of executable scripts.
PATCH-0883,nuclei-cwe-942-template,CWE-942 / N/A,Access-Control-Allow-Origin: *,"- Access-Control-Allow-Origin: *
+ Access-Control-Allow-Origin: https://trusted-domain.com",Restricted CORS origin to a specific trusted domain instead of a wildcard to prevent unauthorized cross-origin resource access.
PATCH-0884,nuclei-cwe-548-template,CWE-548 / N/A,"location /.git {
    autoindex on;
}","- autoindex on;
+ deny all;",Disabled directory listing and denied access to the .git directory to prevent source code and configuration exposure.
PATCH-0885,nuclei-cwe-693-template,CWE-693 / N/A,"HTTP/1.1 200 OK
Server: nginx
Content-Type: text/html",+ Content-Security-Policy: default-src 'self'; script-src 'self' 'nonce-random123'; object-src 'none',Added Content-Security-Policy header to mitigate XSS vulnerabilities by restricting the sources of executable scripts.
PATCH-0886,nuclei-cwe-548-template,CWE-548 / N/A,"location /.git {
    autoindex on;
}","- autoindex on;
+ deny all;",Disabled directory listing and denied access to the .git directory to prevent source code and configuration exposure.
PATCH-0887,nuclei-cwe-942-template,CWE-942 / CVE-2023-9313,Access-Control-Allow-Origin: *,"- Access-Control-Allow-Origin: *
+ Access-Control-Allow-Origin: https://trusted-domain.com",Restricted CORS origin to a specific trusted domain instead of a wildcard to prevent unauthorized cross-origin resource access.
PATCH-0888,nuclei-cwe-200-template,CWE-200 / CVE-2023-7879,Server: Apache/2.4.41 (Ubuntu),"- Server: Apache/2.4.41 (Ubuntu)
+ Server: Apache",Removed verbose server version information from the Server header to thwart targeted automated attacks.
PATCH-0889,nuclei-cwe-942-template,CWE-942 / N/A,Access-Control-Allow-Origin: *,"- Access-Control-Allow-Origin: *
+ Access-Control-Allow-Origin: https://trusted-domain.com",Restricted CORS origin to a specific trusted domain instead of a wildcard to prevent unauthorized cross-origin resource access.
PATCH-0890,nuclei-cwe-200-template,CWE-200 / CVE-2023-4217,Server: Apache/2.4.41 (Ubuntu),"- Server: Apache/2.4.41 (Ubuntu)
+ Server: Apache",Removed verbose server version information from the Server header to thwart targeted automated attacks.
PATCH-0891,nuclei-cwe-548-template,CWE-548 / N/A,"location /.git {
    autoindex on;
}","- autoindex on;
+ deny all;",Disabled directory listing and denied access to the .git directory to prevent source code and configuration exposure.
PATCH-0892,nuclei-cwe-548-template,CWE-548 / N/A,"location /.git {
    autoindex on;
}","- autoindex on;
+ deny all;",Disabled directory listing and denied access to the .git directory to prevent source code and configuration exposure.
PATCH-0893,nuclei-cwe-693-template,CWE-693 / CVE-2023-2069,"HTTP/1.1 200 OK
Server: nginx
Content-Type: text/html",+ Content-Security-Policy: default-src 'self'; script-src 'self' 'nonce-random123'; object-src 'none',Added Content-Security-Policy header to mitigate XSS vulnerabilities by restricting the sources of executable scripts.
PATCH-0894,nuclei-cwe-319-template,CWE-319 / N/A,Strict-Transport-Security: max-age=0,"- Strict-Transport-Security: max-age=0
+ Strict-Transport-Security: max-age=31536000; includeSubDomains; preload",Enforced HTTP Strict Transport Security (HSTS) to ensure all communications are encrypted over HTTPS.
PATCH-0895,nuclei-cwe-200-template,CWE-200 / CVE-2023-1300,Server: Apache/2.4.41 (Ubuntu),"- Server: Apache/2.4.41 (Ubuntu)
+ Server: Apache",Removed verbose server version information from the Server header to thwart targeted automated attacks.
PATCH-0896,nuclei-cwe-319-template,CWE-319 / N/A,Strict-Transport-Security: max-age=0,"- Strict-Transport-Security: max-age=0
+ Strict-Transport-Security: max-age=31536000; includeSubDomains; preload",Enforced HTTP Strict Transport Security (HSTS) to ensure all communications are encrypted over HTTPS.
PATCH-0897,nuclei-cwe-319-template,CWE-319 / CVE-2023-3214,Strict-Transport-Security: max-age=0,"- Strict-Transport-Security: max-age=0
+ Strict-Transport-Security: max-age=31536000; includeSubDomains; preload",Enforced HTTP Strict Transport Security (HSTS) to ensure all communications are encrypted over HTTPS.
PATCH-0898,nuclei-cwe-548-template,CWE-548 / N/A,"location /.git {
    autoindex on;
}","- autoindex on;
+ deny all;",Disabled directory listing and denied access to the .git directory to prevent source code and configuration exposure.
PATCH-0899,nuclei-cwe-319-template,CWE-319 / CVE-2023-3206,Strict-Transport-Security: max-age=0,"- Strict-Transport-Security: max-age=0
+ Strict-Transport-Security: max-age=31536000; includeSubDomains; preload",Enforced HTTP Strict Transport Security (HSTS) to ensure all communications are encrypted over HTTPS.
PATCH-0900,nuclei-cwe-200-template,CWE-200 / N/A,Server: Apache/2.4.41 (Ubuntu),"- Server: Apache/2.4.41 (Ubuntu)
+ Server: Apache",Removed verbose server version information from the Server header to thwart targeted automated attacks.
PATCH-0901,nuclei-cwe-693-template,CWE-693 / CVE-2023-2271,"HTTP/1.1 200 OK
Server: nginx
Content-Type: text/html",+ Content-Security-Policy: default-src 'self'; script-src 'self' 'nonce-random123'; object-src 'none',Added Content-Security-Policy header to mitigate XSS vulnerabilities by restricting the sources of executable scripts.
PATCH-0902,nuclei-cwe-319-template,CWE-319 / CVE-2023-1040,Strict-Transport-Security: max-age=0,"- Strict-Transport-Security: max-age=0
+ Strict-Transport-Security: max-age=31536000; includeSubDomains; preload",Enforced HTTP Strict Transport Security (HSTS) to ensure all communications are encrypted over HTTPS.
PATCH-0903,nuclei-cwe-942-template,CWE-942 / N/A,Access-Control-Allow-Origin: *,"- Access-Control-Allow-Origin: *
+ Access-Control-Allow-Origin: https://trusted-domain.com",Restricted CORS origin to a specific trusted domain instead of a wildcard to prevent unauthorized cross-origin resource access.
PATCH-0904,nuclei-cwe-319-template,CWE-319 / N/A,Strict-Transport-Security: max-age=0,"- Strict-Transport-Security: max-age=0
+ Strict-Transport-Security: max-age=31536000; includeSubDomains; preload",Enforced HTTP Strict Transport Security (HSTS) to ensure all communications are encrypted over HTTPS.
PATCH-0905,nuclei-cwe-693-template,CWE-693 / N/A,"HTTP/1.1 200 OK
Server: nginx
Content-Type: text/html",+ Content-Security-Policy: default-src 'self'; script-src 'self' 'nonce-random123'; object-src 'none',Added Content-Security-Policy header to mitigate XSS vulnerabilities by restricting the sources of executable scripts.
PATCH-0906,nuclei-cwe-319-template,CWE-319 / CVE-2023-1826,Strict-Transport-Security: max-age=0,"- Strict-Transport-Security: max-age=0
+ Strict-Transport-Security: max-age=31536000; includeSubDomains; preload",Enforced HTTP Strict Transport Security (HSTS) to ensure all communications are encrypted over HTTPS.
PATCH-0907,nuclei-cwe-200-template,CWE-200 / CVE-2023-4979,Server: Apache/2.4.41 (Ubuntu),"- Server: Apache/2.4.41 (Ubuntu)
+ Server: Apache",Removed verbose server version information from the Server header to thwart targeted automated attacks.
PATCH-0908,nuclei-cwe-693-template,CWE-693 / N/A,"HTTP/1.1 200 OK
Server: nginx
Content-Type: text/html",+ Content-Security-Policy: default-src 'self'; script-src 'self' 'nonce-random123'; object-src 'none',Added Content-Security-Policy header to mitigate XSS vulnerabilities by restricting the sources of executable scripts.
PATCH-0909,nuclei-cwe-548-template,CWE-548 / N/A,"location /.git {
    autoindex on;
}","- autoindex on;
+ deny all;",Disabled directory listing and denied access to the .git directory to prevent source code and configuration exposure.
PATCH-0910,nuclei-cwe-548-template,CWE-548 / N/A,"location /.git {
    autoindex on;
}","- autoindex on;
+ deny all;",Disabled directory listing and denied access to the .git directory to prevent source code and configuration exposure.
PATCH-0911,nuclei-cwe-942-template,CWE-942 / N/A,Access-Control-Allow-Origin: *,"- Access-Control-Allow-Origin: *
+ Access-Control-Allow-Origin: https://trusted-domain.com",Restricted CORS origin to a specific trusted domain instead of a wildcard to prevent unauthorized cross-origin resource access.
PATCH-0912,nuclei-cwe-942-template,CWE-942 / CVE-2023-5439,Access-Control-Allow-Origin: *,"- Access-Control-Allow-Origin: *
+ Access-Control-Allow-Origin: https://trusted-domain.com",Restricted CORS origin to a specific trusted domain instead of a wildcard to prevent unauthorized cross-origin resource access.
PATCH-0913,nuclei-cwe-200-template,CWE-200 / CVE-2023-8858,Server: Apache/2.4.41 (Ubuntu),"- Server: Apache/2.4.41 (Ubuntu)
+ Server: Apache",Removed verbose server version information from the Server header to thwart targeted automated attacks.
PATCH-0914,nuclei-cwe-200-template,CWE-200 / CVE-2023-4259,Server: Apache/2.4.41 (Ubuntu),"- Server: Apache/2.4.41 (Ubuntu)
+ Server: Apache",Removed verbose server version information from the Server header to thwart targeted automated attacks.
PATCH-0915,nuclei-cwe-548-template,CWE-548 / CVE-2023-9017,"location /.git {
    autoindex on;
}","- autoindex on;
+ deny all;",Disabled directory listing and denied access to the .git directory to prevent source code and configuration exposure.
PATCH-0916,nuclei-cwe-548-template,CWE-548 / CVE-2023-5048,"location /.git {
    autoindex on;
}","- autoindex on;
+ deny all;",Disabled directory listing and denied access to the .git directory to prevent source code and configuration exposure.
PATCH-0917,nuclei-cwe-319-template,CWE-319 / CVE-2023-4434,Strict-Transport-Security: max-age=0,"- Strict-Transport-Security: max-age=0
+ Strict-Transport-Security: max-age=31536000; includeSubDomains; preload",Enforced HTTP Strict Transport Security (HSTS) to ensure all communications are encrypted over HTTPS.
PATCH-0918,nuclei-cwe-942-template,CWE-942 / N/A,Access-Control-Allow-Origin: *,"- Access-Control-Allow-Origin: *
+ Access-Control-Allow-Origin: https://trusted-domain.com",Restricted CORS origin to a specific trusted domain instead of a wildcard to prevent unauthorized cross-origin resource access.
PATCH-0919,nuclei-cwe-200-template,CWE-200 / N/A,Server: Apache/2.4.41 (Ubuntu),"- Server: Apache/2.4.41 (Ubuntu)
+ Server: Apache",Removed verbose server version information from the Server header to thwart targeted automated attacks.
PATCH-0920,nuclei-cwe-693-template,CWE-693 / N/A,"HTTP/1.1 200 OK
Server: nginx
Content-Type: text/html",+ Content-Security-Policy: default-src 'self'; script-src 'self' 'nonce-random123'; object-src 'none',Added Content-Security-Policy header to mitigate XSS vulnerabilities by restricting the sources of executable scripts.
PATCH-0921,nuclei-cwe-693-template,CWE-693 / CVE-2023-4778,"HTTP/1.1 200 OK
Server: nginx
Content-Type: text/html",+ Content-Security-Policy: default-src 'self'; script-src 'self' 'nonce-random123'; object-src 'none',Added Content-Security-Policy header to mitigate XSS vulnerabilities by restricting the sources of executable scripts.
PATCH-0922,nuclei-cwe-548-template,CWE-548 / CVE-2023-4351,"location /.git {
    autoindex on;
}","- autoindex on;
+ deny all;",Disabled directory listing and denied access to the .git directory to prevent source code and configuration exposure.
PATCH-0923,nuclei-cwe-319-template,CWE-319 / CVE-2023-8941,Strict-Transport-Security: max-age=0,"- Strict-Transport-Security: max-age=0
+ Strict-Transport-Security: max-age=31536000; includeSubDomains; preload",Enforced HTTP Strict Transport Security (HSTS) to ensure all communications are encrypted over HTTPS.
PATCH-0924,nuclei-cwe-942-template,CWE-942 / CVE-2023-7072,Access-Control-Allow-Origin: *,"- Access-Control-Allow-Origin: *
+ Access-Control-Allow-Origin: https://trusted-domain.com",Restricted CORS origin to a specific trusted domain instead of a wildcard to prevent unauthorized cross-origin resource access.
PATCH-0925,nuclei-cwe-319-template,CWE-319 / N/A,Strict-Transport-Security: max-age=0,"- Strict-Transport-Security: max-age=0
+ Strict-Transport-Security: max-age=31536000; includeSubDomains; preload",Enforced HTTP Strict Transport Security (HSTS) to ensure all communications are encrypted over HTTPS.
PATCH-0926,nuclei-cwe-200-template,CWE-200 / CVE-2023-1404,Server: Apache/2.4.41 (Ubuntu),"- Server: Apache/2.4.41 (Ubuntu)
+ Server: Apache",Removed verbose server version information from the Server header to thwart targeted automated attacks.
PATCH-0927,nuclei-cwe-693-template,CWE-693 / CVE-2023-2482,"HTTP/1.1 200 OK
Server: nginx
Content-Type: text/html",+ Content-Security-Policy: default-src 'self'; script-src 'self' 'nonce-random123'; object-src 'none',Added Content-Security-Policy header to mitigate XSS vulnerabilities by restricting the sources of executable scripts.
PATCH-0928,nuclei-cwe-942-template,CWE-942 / CVE-2023-4297,Access-Control-Allow-Origin: *,"- Access-Control-Allow-Origin: *
+ Access-Control-Allow-Origin: https://trusted-domain.com",Restricted CORS origin to a specific trusted domain instead of a wildcard to prevent unauthorized cross-origin resource access.
PATCH-0929,nuclei-cwe-942-template,CWE-942 / N/A,Access-Control-Allow-Origin: *,"- Access-Control-Allow-Origin: *
+ Access-Control-Allow-Origin: https://trusted-domain.com",Restricted CORS origin to a specific trusted domain instead of a wildcard to prevent unauthorized cross-origin resource access.
PATCH-0930,nuclei-cwe-693-template,CWE-693 / N/A,"HTTP/1.1 200 OK
Server: nginx
Content-Type: text/html",+ Content-Security-Policy: default-src 'self'; script-src 'self' 'nonce-random123'; object-src 'none',Added Content-Security-Policy header to mitigate XSS vulnerabilities by restricting the sources of executable scripts.
PATCH-0931,nuclei-cwe-200-template,CWE-200 / N/A,Server: Apache/2.4.41 (Ubuntu),"- Server: Apache/2.4.41 (Ubuntu)
+ Server: Apache",Removed verbose server version information from the Server header to thwart targeted automated attacks.
PATCH-0932,nuclei-cwe-942-template,CWE-942 / N/A,Access-Control-Allow-Origin: *,"- Access-Control-Allow-Origin: *
+ Access-Control-Allow-Origin: https://trusted-domain.com",Restricted CORS origin to a specific trusted domain instead of a wildcard to prevent unauthorized cross-origin resource access.
PATCH-0933,nuclei-cwe-200-template,CWE-200 / N/A,Server: Apache/2.4.41 (Ubuntu),"- Server: Apache/2.4.41 (Ubuntu)
+ Server: Apache",Removed verbose server version information from the Server header to thwart targeted automated attacks.
PATCH-0934,nuclei-cwe-319-template,CWE-319 / CVE-2023-3355,Strict-Transport-Security: max-age=0,"- Strict-Transport-Security: max-age=0
+ Strict-Transport-Security: max-age=31536000; includeSubDomains; preload",Enforced HTTP Strict Transport Security (HSTS) to ensure all communications are encrypted over HTTPS.
PATCH-0935,nuclei-cwe-319-template,CWE-319 / N/A,Strict-Transport-Security: max-age=0,"- Strict-Transport-Security: max-age=0
+ Strict-Transport-Security: max-age=31536000; includeSubDomains; preload",Enforced HTTP Strict Transport Security (HSTS) to ensure all communications are encrypted over HTTPS.
PATCH-0936,nuclei-cwe-693-template,CWE-693 / CVE-2023-7666,"HTTP/1.1 200 OK
Server: nginx
Content-Type: text/html",+ Content-Security-Policy: default-src 'self'; script-src 'self' 'nonce-random123'; object-src 'none',Added Content-Security-Policy header to mitigate XSS vulnerabilities by restricting the sources of executable scripts.
PATCH-0937,nuclei-cwe-693-template,CWE-693 / CVE-2023-9585,"HTTP/1.1 200 OK
Server: nginx
Content-Type: text/html",+ Content-Security-Policy: default-src 'self'; script-src 'self' 'nonce-random123'; object-src 'none',Added Content-Security-Policy header to mitigate XSS vulnerabilities by restricting the sources of executable scripts.
PATCH-0938,nuclei-cwe-200-template,CWE-200 / N/A,Server: Apache/2.4.41 (Ubuntu),"- Server: Apache/2.4.41 (Ubuntu)
+ Server: Apache",Removed verbose server version information from the Server header to thwart targeted automated attacks.
PATCH-0939,nuclei-cwe-693-template,CWE-693 / N/A,"HTTP/1.1 200 OK
Server: nginx
Content-Type: text/html",+ Content-Security-Policy: default-src 'self'; script-src 'self' 'nonce-random123'; object-src 'none',Added Content-Security-Policy header to mitigate XSS vulnerabilities by restricting the sources of executable scripts.
PATCH-0940,nuclei-cwe-548-template,CWE-548 / N/A,"location /.git {
    autoindex on;
}","- autoindex on;
+ deny all;",Disabled directory listing and denied access to the .git directory to prevent source code and configuration exposure.
PATCH-0941,nuclei-cwe-548-template,CWE-548 / CVE-2023-4346,"location /.git {
    autoindex on;
}","- autoindex on;
+ deny all;",Disabled directory listing and denied access to the .git directory to prevent source code and configuration exposure.
PATCH-0942,nuclei-cwe-200-template,CWE-200 / CVE-2023-7838,Server: Apache/2.4.41 (Ubuntu),"- Server: Apache/2.4.41 (Ubuntu)
+ Server: Apache",Removed verbose server version information from the Server header to thwart targeted automated attacks.
PATCH-0943,nuclei-cwe-693-template,CWE-693 / CVE-2023-9464,"HTTP/1.1 200 OK
Server: nginx
Content-Type: text/html",+ Content-Security-Policy: default-src 'self'; script-src 'self' 'nonce-random123'; object-src 'none',Added Content-Security-Policy header to mitigate XSS vulnerabilities by restricting the sources of executable scripts.
PATCH-0944,nuclei-cwe-548-template,CWE-548 / N/A,"location /.git {
    autoindex on;
}","- autoindex on;
+ deny all;",Disabled directory listing and denied access to the .git directory to prevent source code and configuration exposure.
PATCH-0945,nuclei-cwe-548-template,CWE-548 / N/A,"location /.git {
    autoindex on;
}","- autoindex on;
+ deny all;",Disabled directory listing and denied access to the .git directory to prevent source code and configuration exposure.
PATCH-0946,nuclei-cwe-319-template,CWE-319 / N/A,Strict-Transport-Security: max-age=0,"- Strict-Transport-Security: max-age=0
+ Strict-Transport-Security: max-age=31536000; includeSubDomains; preload",Enforced HTTP Strict Transport Security (HSTS) to ensure all communications are encrypted over HTTPS.
PATCH-0947,nuclei-cwe-319-template,CWE-319 / CVE-2023-2180,Strict-Transport-Security: max-age=0,"- Strict-Transport-Security: max-age=0
+ Strict-Transport-Security: max-age=31536000; includeSubDomains; preload",Enforced HTTP Strict Transport Security (HSTS) to ensure all communications are encrypted over HTTPS.
PATCH-0948,nuclei-cwe-942-template,CWE-942 / N/A,Access-Control-Allow-Origin: *,"- Access-Control-Allow-Origin: *
+ Access-Control-Allow-Origin: https://trusted-domain.com",Restricted CORS origin to a specific trusted domain instead of a wildcard to prevent unauthorized cross-origin resource access.
PATCH-0949,nuclei-cwe-319-template,CWE-319 / N/A,Strict-Transport-Security: max-age=0,"- Strict-Transport-Security: max-age=0
+ Strict-Transport-Security: max-age=31536000; includeSubDomains; preload",Enforced HTTP Strict Transport Security (HSTS) to ensure all communications are encrypted over HTTPS.
PATCH-0950,nuclei-cwe-548-template,CWE-548 / CVE-2023-6876,"location /.git {
    autoindex on;
}","- autoindex on;
+ deny all;",Disabled directory listing and denied access to the .git directory to prevent source code and configuration exposure.
PATCH-0951,nuclei-cwe-319-template,CWE-319 / N/A,Strict-Transport-Security: max-age=0,"- Strict-Transport-Security: max-age=0
+ Strict-Transport-Security: max-age=31536000; includeSubDomains; preload",Enforced HTTP Strict Transport Security (HSTS) to ensure all communications are encrypted over HTTPS.
PATCH-0952,nuclei-cwe-319-template,CWE-319 / N/A,Strict-Transport-Security: max-age=0,"- Strict-Transport-Security: max-age=0
+ Strict-Transport-Security: max-age=31536000; includeSubDomains; preload",Enforced HTTP Strict Transport Security (HSTS) to ensure all communications are encrypted over HTTPS.
PATCH-0953,nuclei-cwe-693-template,CWE-693 / CVE-2023-4729,"HTTP/1.1 200 OK
Server: nginx
Content-Type: text/html",+ Content-Security-Policy: default-src 'self'; script-src 'self' 'nonce-random123'; object-src 'none',Added Content-Security-Policy header to mitigate XSS vulnerabilities by restricting the sources of executable scripts.
PATCH-0954,nuclei-cwe-942-template,CWE-942 / N/A,Access-Control-Allow-Origin: *,"- Access-Control-Allow-Origin: *
+ Access-Control-Allow-Origin: https://trusted-domain.com",Restricted CORS origin to a specific trusted domain instead of a wildcard to prevent unauthorized cross-origin resource access.
PATCH-0955,nuclei-cwe-693-template,CWE-693 / CVE-2023-3959,"HTTP/1.1 200 OK
Server: nginx
Content-Type: text/html",+ Content-Security-Policy: default-src 'self'; script-src 'self' 'nonce-random123'; object-src 'none',Added Content-Security-Policy header to mitigate XSS vulnerabilities by restricting the sources of executable scripts.
PATCH-0956,nuclei-cwe-693-template,CWE-693 / CVE-2023-9752,"HTTP/1.1 200 OK
Server: nginx
Content-Type: text/html",+ Content-Security-Policy: default-src 'self'; script-src 'self' 'nonce-random123'; object-src 'none',Added Content-Security-Policy header to mitigate XSS vulnerabilities by restricting the sources of executable scripts.
PATCH-0957,nuclei-cwe-548-template,CWE-548 / CVE-2023-7416,"location /.git {
    autoindex on;
}","- autoindex on;
+ deny all;",Disabled directory listing and denied access to the .git directory to prevent source code and configuration exposure.
PATCH-0958,nuclei-cwe-942-template,CWE-942 / CVE-2023-1959,Access-Control-Allow-Origin: *,"- Access-Control-Allow-Origin: *
+ Access-Control-Allow-Origin: https://trusted-domain.com",Restricted CORS origin to a specific trusted domain instead of a wildcard to prevent unauthorized cross-origin resource access.
PATCH-0959,nuclei-cwe-548-template,CWE-548 / CVE-2023-9707,"location /.git {
    autoindex on;
}","- autoindex on;
+ deny all;",Disabled directory listing and denied access to the .git directory to prevent source code and configuration exposure.
PATCH-0960,nuclei-cwe-319-template,CWE-319 / CVE-2023-1042,Strict-Transport-Security: max-age=0,"- Strict-Transport-Security: max-age=0
+ Strict-Transport-Security: max-age=31536000; includeSubDomains; preload",Enforced HTTP Strict Transport Security (HSTS) to ensure all communications are encrypted over HTTPS.
PATCH-0961,nuclei-cwe-200-template,CWE-200 / CVE-2023-6482,Server: Apache/2.4.41 (Ubuntu),"- Server: Apache/2.4.41 (Ubuntu)
+ Server: Apache",Removed verbose server version information from the Server header to thwart targeted automated attacks.
PATCH-0962,nuclei-cwe-200-template,CWE-200 / CVE-2023-3859,Server: Apache/2.4.41 (Ubuntu),"- Server: Apache/2.4.41 (Ubuntu)
+ Server: Apache",Removed verbose server version information from the Server header to thwart targeted automated attacks.
PATCH-0963,nuclei-cwe-548-template,CWE-548 / CVE-2023-9581,"location /.git {
    autoindex on;
}","- autoindex on;
+ deny all;",Disabled directory listing and denied access to the .git directory to prevent source code and configuration exposure.
PATCH-0964,nuclei-cwe-548-template,CWE-548 / N/A,"location /.git {
    autoindex on;
}","- autoindex on;
+ deny all;",Disabled directory listing and denied access to the .git directory to prevent source code and configuration exposure.
PATCH-0965,nuclei-cwe-693-template,CWE-693 / CVE-2023-8494,"HTTP/1.1 200 OK
Server: nginx
Content-Type: text/html",+ Content-Security-Policy: default-src 'self'; script-src 'self' 'nonce-random123'; object-src 'none',Added Content-Security-Policy header to mitigate XSS vulnerabilities by restricting the sources of executable scripts.
PATCH-0966,nuclei-cwe-200-template,CWE-200 / N/A,Server: Apache/2.4.41 (Ubuntu),"- Server: Apache/2.4.41 (Ubuntu)
+ Server: Apache",Removed verbose server version information from the Server header to thwart targeted automated attacks.
PATCH-0967,nuclei-cwe-942-template,CWE-942 / CVE-2023-4049,Access-Control-Allow-Origin: *,"- Access-Control-Allow-Origin: *
+ Access-Control-Allow-Origin: https://trusted-domain.com",Restricted CORS origin to a specific trusted domain instead of a wildcard to prevent unauthorized cross-origin resource access.
PATCH-0968,nuclei-cwe-693-template,CWE-693 / CVE-2023-1056,"HTTP/1.1 200 OK
Server: nginx
Content-Type: text/html",+ Content-Security-Policy: default-src 'self'; script-src 'self' 'nonce-random123'; object-src 'none',Added Content-Security-Policy header to mitigate XSS vulnerabilities by restricting the sources of executable scripts.
PATCH-0969,nuclei-cwe-548-template,CWE-548 / CVE-2023-9697,"location /.git {
    autoindex on;
}","- autoindex on;
+ deny all;",Disabled directory listing and denied access to the .git directory to prevent source code and configuration exposure.
PATCH-0970,nuclei-cwe-548-template,CWE-548 / CVE-2023-2192,"location /.git {
    autoindex on;
}","- autoindex on;
+ deny all;",Disabled directory listing and denied access to the .git directory to prevent source code and configuration exposure.
PATCH-0971,nuclei-cwe-548-template,CWE-548 / N/A,"location /.git {
    autoindex on;
}","- autoindex on;
+ deny all;",Disabled directory listing and denied access to the .git directory to prevent source code and configuration exposure.
PATCH-0972,nuclei-cwe-200-template,CWE-200 / N/A,Server: Apache/2.4.41 (Ubuntu),"- Server: Apache/2.4.41 (Ubuntu)
+ Server: Apache",Removed verbose server version information from the Server header to thwart targeted automated attacks.
PATCH-0973,nuclei-cwe-548-template,CWE-548 / N/A,"location /.git {
    autoindex on;
}","- autoindex on;
+ deny all;",Disabled directory listing and denied access to the .git directory to prevent source code and configuration exposure.
PATCH-0974,nuclei-cwe-200-template,CWE-200 / N/A,Server: Apache/2.4.41 (Ubuntu),"- Server: Apache/2.4.41 (Ubuntu)
+ Server: Apache",Removed verbose server version information from the Server header to thwart targeted automated attacks.
PATCH-0975,nuclei-cwe-548-template,CWE-548 / N/A,"location /.git {
    autoindex on;
}","- autoindex on;
+ deny all;",Disabled directory listing and denied access to the .git directory to prevent source code and configuration exposure.
PATCH-0976,nuclei-cwe-693-template,CWE-693 / N/A,"HTTP/1.1 200 OK
Server: nginx
Content-Type: text/html",+ Content-Security-Policy: default-src 'self'; script-src 'self' 'nonce-random123'; object-src 'none',Added Content-Security-Policy header to mitigate XSS vulnerabilities by restricting the sources of executable scripts.
PATCH-0977,nuclei-cwe-319-template,CWE-319 / CVE-2023-2119,Strict-Transport-Security: max-age=0,"- Strict-Transport-Security: max-age=0
+ Strict-Transport-Security: max-age=31536000; includeSubDomains; preload",Enforced HTTP Strict Transport Security (HSTS) to ensure all communications are encrypted over HTTPS.
PATCH-0978,nuclei-cwe-200-template,CWE-200 / CVE-2023-1590,Server: Apache/2.4.41 (Ubuntu),"- Server: Apache/2.4.41 (Ubuntu)
+ Server: Apache",Removed verbose server version information from the Server header to thwart targeted automated attacks.
PATCH-0979,nuclei-cwe-942-template,CWE-942 / N/A,Access-Control-Allow-Origin: *,"- Access-Control-Allow-Origin: *
+ Access-Control-Allow-Origin: https://trusted-domain.com",Restricted CORS origin to a specific trusted domain instead of a wildcard to prevent unauthorized cross-origin resource access.
PATCH-0980,nuclei-cwe-319-template,CWE-319 / CVE-2023-5234,Strict-Transport-Security: max-age=0,"- Strict-Transport-Security: max-age=0
+ Strict-Transport-Security: max-age=31536000; includeSubDomains; preload",Enforced HTTP Strict Transport Security (HSTS) to ensure all communications are encrypted over HTTPS.
PATCH-0981,nuclei-cwe-548-template,CWE-548 / CVE-2023-1274,"location /.git {
    autoindex on;
}","- autoindex on;
+ deny all;",Disabled directory listing and denied access to the .git directory to prevent source code and configuration exposure.
PATCH-0982,nuclei-cwe-319-template,CWE-319 / N/A,Strict-Transport-Security: max-age=0,"- Strict-Transport-Security: max-age=0
+ Strict-Transport-Security: max-age=31536000; includeSubDomains; preload",Enforced HTTP Strict Transport Security (HSTS) to ensure all communications are encrypted over HTTPS.
PATCH-0983,nuclei-cwe-693-template,CWE-693 / CVE-2023-6252,"HTTP/1.1 200 OK
Server: nginx
Content-Type: text/html",+ Content-Security-Policy: default-src 'self'; script-src 'self' 'nonce-random123'; object-src 'none',Added Content-Security-Policy header to mitigate XSS vulnerabilities by restricting the sources of executable scripts.
PATCH-0984,nuclei-cwe-693-template,CWE-693 / CVE-2023-7870,"HTTP/1.1 200 OK
Server: nginx
Content-Type: text/html",+ Content-Security-Policy: default-src 'self'; script-src 'self' 'nonce-random123'; object-src 'none',Added Content-Security-Policy header to mitigate XSS vulnerabilities by restricting the sources of executable scripts.
PATCH-0985,nuclei-cwe-942-template,CWE-942 / CVE-2023-6742,Access-Control-Allow-Origin: *,"- Access-Control-Allow-Origin: *
+ Access-Control-Allow-Origin: https://trusted-domain.com",Restricted CORS origin to a specific trusted domain instead of a wildcard to prevent unauthorized cross-origin resource access.
PATCH-0986,nuclei-cwe-319-template,CWE-319 / CVE-2023-7115,Strict-Transport-Security: max-age=0,"- Strict-Transport-Security: max-age=0
+ Strict-Transport-Security: max-age=31536000; includeSubDomains; preload",Enforced HTTP Strict Transport Security (HSTS) to ensure all communications are encrypted over HTTPS.
PATCH-0987,nuclei-cwe-319-template,CWE-319 / CVE-2023-2504,Strict-Transport-Security: max-age=0,"- Strict-Transport-Security: max-age=0
+ Strict-Transport-Security: max-age=31536000; includeSubDomains; preload",Enforced HTTP Strict Transport Security (HSTS) to ensure all communications are encrypted over HTTPS.
PATCH-0988,nuclei-cwe-693-template,CWE-693 / N/A,"HTTP/1.1 200 OK
Server: nginx
Content-Type: text/html",+ Content-Security-Policy: default-src 'self'; script-src 'self' 'nonce-random123'; object-src 'none',Added Content-Security-Policy header to mitigate XSS vulnerabilities by restricting the sources of executable scripts.
PATCH-0989,nuclei-cwe-319-template,CWE-319 / CVE-2023-5785,Strict-Transport-Security: max-age=0,"- Strict-Transport-Security: max-age=0
+ Strict-Transport-Security: max-age=31536000; includeSubDomains; preload",Enforced HTTP Strict Transport Security (HSTS) to ensure all communications are encrypted over HTTPS.
PATCH-0990,nuclei-cwe-693-template,CWE-693 / CVE-2023-7068,"HTTP/1.1 200 OK
Server: nginx
Content-Type: text/html",+ Content-Security-Policy: default-src 'self'; script-src 'self' 'nonce-random123'; object-src 'none',Added Content-Security-Policy header to mitigate XSS vulnerabilities by restricting the sources of executable scripts.
PATCH-0991,nuclei-cwe-200-template,CWE-200 / CVE-2023-4166,Server: Apache/2.4.41 (Ubuntu),"- Server: Apache/2.4.41 (Ubuntu)
+ Server: Apache",Removed verbose server version information from the Server header to thwart targeted automated attacks.
PATCH-0992,nuclei-cwe-942-template,CWE-942 / N/A,Access-Control-Allow-Origin: *,"- Access-Control-Allow-Origin: *
+ Access-Control-Allow-Origin: https://trusted-domain.com",Restricted CORS origin to a specific trusted domain instead of a wildcard to prevent unauthorized cross-origin resource access.
PATCH-0993,nuclei-cwe-200-template,CWE-200 / CVE-2023-6476,Server: Apache/2.4.41 (Ubuntu),"- Server: Apache/2.4.41 (Ubuntu)
+ Server: Apache",Removed verbose server version information from the Server header to thwart targeted automated attacks.
PATCH-0994,nuclei-cwe-693-template,CWE-693 / N/A,"HTTP/1.1 200 OK
Server: nginx
Content-Type: text/html",+ Content-Security-Policy: default-src 'self'; script-src 'self' 'nonce-random123'; object-src 'none',Added Content-Security-Policy header to mitigate XSS vulnerabilities by restricting the sources of executable scripts.
PATCH-0995,nuclei-cwe-200-template,CWE-200 / CVE-2023-8999,Server: Apache/2.4.41 (Ubuntu),"- Server: Apache/2.4.41 (Ubuntu)
+ Server: Apache",Removed verbose server version information from the Server header to thwart targeted automated attacks.
PATCH-0996,nuclei-cwe-548-template,CWE-548 / N/A,"location /.git {
    autoindex on;
}","- autoindex on;
+ deny all;",Disabled directory listing and denied access to the .git directory to prevent source code and configuration exposure.
PATCH-0997,nuclei-cwe-319-template,CWE-319 / CVE-2023-9182,Strict-Transport-Security: max-age=0,"- Strict-Transport-Security: max-age=0
+ Strict-Transport-Security: max-age=31536000; includeSubDomains; preload",Enforced HTTP Strict Transport Security (HSTS) to ensure all communications are encrypted over HTTPS.
PATCH-0998,nuclei-cwe-200-template,CWE-200 / CVE-2023-7881,Server: Apache/2.4.41 (Ubuntu),"- Server: Apache/2.4.41 (Ubuntu)
+ Server: Apache",Removed verbose server version information from the Server header to thwart targeted automated attacks.
PATCH-0999,nuclei-cwe-693-template,CWE-693 / N/A,"HTTP/1.1 200 OK
Server: nginx
Content-Type: text/html",+ Content-Security-Policy: default-src 'self'; script-src 'self' 'nonce-random123'; object-src 'none',Added Content-Security-Policy header to mitigate XSS vulnerabilities by restricting the sources of executable scripts.
PATCH-1000,nuclei-cwe-693-template,CWE-693 / CVE-2023-3567,"HTTP/1.1 200 OK
Server: nginx
Content-Type: text/html",+ Content-Security-Policy: default-src 'self'; script-src 'self' 'nonce-random123'; object-src 'none',Added Content-Security-Policy header to mitigate XSS vulnerabilities by restricting the sources of executable scripts.
PATCH-1001,nuclei-cwe-319-template,CWE-319 / CVE-2023-8212,Strict-Transport-Security: max-age=0,"- Strict-Transport-Security: max-age=0
+ Strict-Transport-Security: max-age=31536000; includeSubDomains; preload",Enforced HTTP Strict Transport Security (HSTS) to ensure all communications are encrypted over HTTPS.
PATCH-1002,nuclei-cwe-942-template,CWE-942 / CVE-2023-4578,Access-Control-Allow-Origin: *,"- Access-Control-Allow-Origin: *
+ Access-Control-Allow-Origin: https://trusted-domain.com",Restricted CORS origin to a specific trusted domain instead of a wildcard to prevent unauthorized cross-origin resource access.
PATCH-1003,nuclei-cwe-548-template,CWE-548 / CVE-2023-4160,"location /.git {
    autoindex on;
}","- autoindex on;
+ deny all;",Disabled directory listing and denied access to the .git directory to prevent source code and configuration exposure.
PATCH-1004,nuclei-cwe-200-template,CWE-200 / N/A,Server: Apache/2.4.41 (Ubuntu),"- Server: Apache/2.4.41 (Ubuntu)
+ Server: Apache",Removed verbose server version information from the Server header to thwart targeted automated attacks.
PATCH-1005,nuclei-cwe-693-template,CWE-693 / N/A,"HTTP/1.1 200 OK
Server: nginx
Content-Type: text/html",+ Content-Security-Policy: default-src 'self'; script-src 'self' 'nonce-random123'; object-src 'none',Added Content-Security-Policy header to mitigate XSS vulnerabilities by restricting the sources of executable scripts.
PATCH-1006,nuclei-cwe-942-template,CWE-942 / N/A,Access-Control-Allow-Origin: *,"- Access-Control-Allow-Origin: *
+ Access-Control-Allow-Origin: https://trusted-domain.com",Restricted CORS origin to a specific trusted domain instead of a wildcard to prevent unauthorized cross-origin resource access.
PATCH-1007,nuclei-cwe-942-template,CWE-942 / CVE-2023-1463,Access-Control-Allow-Origin: *,"- Access-Control-Allow-Origin: *
+ Access-Control-Allow-Origin: https://trusted-domain.com",Restricted CORS origin to a specific trusted domain instead of a wildcard to prevent unauthorized cross-origin resource access.
PATCH-1008,nuclei-cwe-693-template,CWE-693 / N/A,"HTTP/1.1 200 OK
Server: nginx
Content-Type: text/html",+ Content-Security-Policy: default-src 'self'; script-src 'self' 'nonce-random123'; object-src 'none',Added Content-Security-Policy header to mitigate XSS vulnerabilities by restricting the sources of executable scripts.
PATCH-1009,nuclei-cwe-693-template,CWE-693 / N/A,"HTTP/1.1 200 OK
Server: nginx
Content-Type: text/html",+ Content-Security-Policy: default-src 'self'; script-src 'self' 'nonce-random123'; object-src 'none',Added Content-Security-Policy header to mitigate XSS vulnerabilities by restricting the sources of executable scripts.
PATCH-1010,nuclei-cwe-693-template,CWE-693 / N/A,"HTTP/1.1 200 OK
Server: nginx
Content-Type: text/html",+ Content-Security-Policy: default-src 'self'; script-src 'self' 'nonce-random123'; object-src 'none',Added Content-Security-Policy header to mitigate XSS vulnerabilities by restricting the sources of executable scripts.
PATCH-1011,nuclei-cwe-693-template,CWE-693 / CVE-2023-7447,"HTTP/1.1 200 OK
Server: nginx
Content-Type: text/html",+ Content-Security-Policy: default-src 'self'; script-src 'self' 'nonce-random123'; object-src 'none',Added Content-Security-Policy header to mitigate XSS vulnerabilities by restricting the sources of executable scripts.
PATCH-1012,nuclei-cwe-942-template,CWE-942 / CVE-2023-8260,Access-Control-Allow-Origin: *,"- Access-Control-Allow-Origin: *
+ Access-Control-Allow-Origin: https://trusted-domain.com",Restricted CORS origin to a specific trusted domain instead of a wildcard to prevent unauthorized cross-origin resource access.
PATCH-1013,nuclei-cwe-942-template,CWE-942 / CVE-2023-1118,Access-Control-Allow-Origin: *,"- Access-Control-Allow-Origin: *
+ Access-Control-Allow-Origin: https://trusted-domain.com",Restricted CORS origin to a specific trusted domain instead of a wildcard to prevent unauthorized cross-origin resource access.
PATCH-1014,nuclei-cwe-200-template,CWE-200 / CVE-2023-8267,Server: Apache/2.4.41 (Ubuntu),"- Server: Apache/2.4.41 (Ubuntu)
+ Server: Apache",Removed verbose server version information from the Server header to thwart targeted automated attacks.
PATCH-1015,nuclei-cwe-942-template,CWE-942 / N/A,Access-Control-Allow-Origin: *,"- Access-Control-Allow-Origin: *
+ Access-Control-Allow-Origin: https://trusted-domain.com",Restricted CORS origin to a specific trusted domain instead of a wildcard to prevent unauthorized cross-origin resource access.
PATCH-1016,nuclei-cwe-942-template,CWE-942 / CVE-2023-6910,Access-Control-Allow-Origin: *,"- Access-Control-Allow-Origin: *
+ Access-Control-Allow-Origin: https://trusted-domain.com",Restricted CORS origin to a specific trusted domain instead of a wildcard to prevent unauthorized cross-origin resource access.
PATCH-1017,nuclei-cwe-200-template,CWE-200 / CVE-2023-4581,Server: Apache/2.4.41 (Ubuntu),"- Server: Apache/2.4.41 (Ubuntu)
+ Server: Apache",Removed verbose server version information from the Server header to thwart targeted automated attacks.
PATCH-1018,nuclei-cwe-200-template,CWE-200 / N/A,Server: Apache/2.4.41 (Ubuntu),"- Server: Apache/2.4.41 (Ubuntu)
+ Server: Apache",Removed verbose server version information from the Server header to thwart targeted automated attacks.
PATCH-1019,nuclei-cwe-319-template,CWE-319 / N/A,Strict-Transport-Security: max-age=0,"- Strict-Transport-Security: max-age=0
+ Strict-Transport-Security: max-age=31536000; includeSubDomains; preload",Enforced HTTP Strict Transport Security (HSTS) to ensure all communications are encrypted over HTTPS.
PATCH-1020,nuclei-cwe-319-template,CWE-319 / N/A,Strict-Transport-Security: max-age=0,"- Strict-Transport-Security: max-age=0
+ Strict-Transport-Security: max-age=31536000; includeSubDomains; preload",Enforced HTTP Strict Transport Security (HSTS) to ensure all communications are encrypted over HTTPS.
PATCH-1021,nuclei-cwe-693-template,CWE-693 / N/A,"HTTP/1.1 200 OK
Server: nginx
Content-Type: text/html",+ Content-Security-Policy: default-src 'self'; script-src 'self' 'nonce-random123'; object-src 'none',Added Content-Security-Policy header to mitigate XSS vulnerabilities by restricting the sources of executable scripts.
PATCH-1022,nuclei-cwe-942-template,CWE-942 / N/A,Access-Control-Allow-Origin: *,"- Access-Control-Allow-Origin: *
+ Access-Control-Allow-Origin: https://trusted-domain.com",Restricted CORS origin to a specific trusted domain instead of a wildcard to prevent unauthorized cross-origin resource access.
PATCH-1023,nuclei-cwe-200-template,CWE-200 / CVE-2023-1390,Server: Apache/2.4.41 (Ubuntu),"- Server: Apache/2.4.41 (Ubuntu)
+ Server: Apache",Removed verbose server version information from the Server header to thwart targeted automated attacks.
PATCH-1024,nuclei-cwe-548-template,CWE-548 / N/A,"location /.git {
    autoindex on;
}","- autoindex on;
+ deny all;",Disabled directory listing and denied access to the .git directory to prevent source code and configuration exposure.
PATCH-1025,nuclei-cwe-942-template,CWE-942 / CVE-2023-3354,Access-Control-Allow-Origin: *,"- Access-Control-Allow-Origin: *
+ Access-Control-Allow-Origin: https://trusted-domain.com",Restricted CORS origin to a specific trusted domain instead of a wildcard to prevent unauthorized cross-origin resource access.
PATCH-1026,nuclei-cwe-319-template,CWE-319 / CVE-2023-3058,Strict-Transport-Security: max-age=0,"- Strict-Transport-Security: max-age=0
+ Strict-Transport-Security: max-age=31536000; includeSubDomains; preload",Enforced HTTP Strict Transport Security (HSTS) to ensure all communications are encrypted over HTTPS.
PATCH-1027,nuclei-cwe-942-template,CWE-942 / N/A,Access-Control-Allow-Origin: *,"- Access-Control-Allow-Origin: *
+ Access-Control-Allow-Origin: https://trusted-domain.com",Restricted CORS origin to a specific trusted domain instead of a wildcard to prevent unauthorized cross-origin resource access.
PATCH-1028,nuclei-cwe-200-template,CWE-200 / CVE-2023-6555,Server: Apache/2.4.41 (Ubuntu),"- Server: Apache/2.4.41 (Ubuntu)
+ Server: Apache",Removed verbose server version information from the Server header to thwart targeted automated attacks.
PATCH-1029,nuclei-cwe-200-template,CWE-200 / N/A,Server: Apache/2.4.41 (Ubuntu),"- Server: Apache/2.4.41 (Ubuntu)
+ Server: Apache",Removed verbose server version information from the Server header to thwart targeted automated attacks.
PATCH-1030,nuclei-cwe-548-template,CWE-548 / N/A,"location /.git {
    autoindex on;
}","- autoindex on;
+ deny all;",Disabled directory listing and denied access to the .git directory to prevent source code and configuration exposure.
PATCH-1031,nuclei-cwe-942-template,CWE-942 / N/A,Access-Control-Allow-Origin: *,"- Access-Control-Allow-Origin: *
+ Access-Control-Allow-Origin: https://trusted-domain.com",Restricted CORS origin to a specific trusted domain instead of a wildcard to prevent unauthorized cross-origin resource access.
PATCH-1032,nuclei-cwe-942-template,CWE-942 / N/A,Access-Control-Allow-Origin: *,"- Access-Control-Allow-Origin: *
+ Access-Control-Allow-Origin: https://trusted-domain.com",Restricted CORS origin to a specific trusted domain instead of a wildcard to prevent unauthorized cross-origin resource access.
PATCH-1033,nuclei-cwe-693-template,CWE-693 / CVE-2023-5093,"HTTP/1.1 200 OK
Server: nginx
Content-Type: text/html",+ Content-Security-Policy: default-src 'self'; script-src 'self' 'nonce-random123'; object-src 'none',Added Content-Security-Policy header to mitigate XSS vulnerabilities by restricting the sources of executable scripts.
PATCH-1034,nuclei-cwe-200-template,CWE-200 / N/A,Server: Apache/2.4.41 (Ubuntu),"- Server: Apache/2.4.41 (Ubuntu)
+ Server: Apache",Removed verbose server version information from the Server header to thwart targeted automated attacks.
PATCH-1035,nuclei-cwe-200-template,CWE-200 / N/A,Server: Apache/2.4.41 (Ubuntu),"- Server: Apache/2.4.41 (Ubuntu)
+ Server: Apache",Removed verbose server version information from the Server header to thwart targeted automated attacks.
PATCH-1036,nuclei-cwe-942-template,CWE-942 / N/A,Access-Control-Allow-Origin: *,"- Access-Control-Allow-Origin: *
+ Access-Control-Allow-Origin: https://trusted-domain.com",Restricted CORS origin to a specific trusted domain instead of a wildcard to prevent unauthorized cross-origin resource access.
PATCH-1037,nuclei-cwe-548-template,CWE-548 / CVE-2023-3739,"location /.git {
    autoindex on;
}","- autoindex on;
+ deny all;",Disabled directory listing and denied access to the .git directory to prevent source code and configuration exposure.
PATCH-1038,nuclei-cwe-942-template,CWE-942 / CVE-2023-7402,Access-Control-Allow-Origin: *,"- Access-Control-Allow-Origin: *
+ Access-Control-Allow-Origin: https://trusted-domain.com",Restricted CORS origin to a specific trusted domain instead of a wildcard to prevent unauthorized cross-origin resource access.
PATCH-1039,nuclei-cwe-200-template,CWE-200 / N/A,Server: Apache/2.4.41 (Ubuntu),"- Server: Apache/2.4.41 (Ubuntu)
+ Server: Apache",Removed verbose server version information from the Server header to thwart targeted automated attacks.
PATCH-1040,nuclei-cwe-942-template,CWE-942 / CVE-2023-6953,Access-Control-Allow-Origin: *,"- Access-Control-Allow-Origin: *
+ Access-Control-Allow-Origin: https://trusted-domain.com",Restricted CORS origin to a specific trusted domain instead of a wildcard to prevent unauthorized cross-origin resource access.
PATCH-1041,nuclei-cwe-942-template,CWE-942 / N/A,Access-Control-Allow-Origin: *,"- Access-Control-Allow-Origin: *
+ Access-Control-Allow-Origin: https://trusted-domain.com",Restricted CORS origin to a specific trusted domain instead of a wildcard to prevent unauthorized cross-origin resource access.
PATCH-1042,nuclei-cwe-693-template,CWE-693 / CVE-2023-2903,"HTTP/1.1 200 OK
Server: nginx
Content-Type: text/html",+ Content-Security-Policy: default-src 'self'; script-src 'self' 'nonce-random123'; object-src 'none',Added Content-Security-Policy header to mitigate XSS vulnerabilities by restricting the sources of executable scripts.
PATCH-1043,nuclei-cwe-319-template,CWE-319 / N/A,Strict-Transport-Security: max-age=0,"- Strict-Transport-Security: max-age=0
+ Strict-Transport-Security: max-age=31536000; includeSubDomains; preload",Enforced HTTP Strict Transport Security (HSTS) to ensure all communications are encrypted over HTTPS.
PATCH-1044,nuclei-cwe-942-template,CWE-942 / N/A,Access-Control-Allow-Origin: *,"- Access-Control-Allow-Origin: *
+ Access-Control-Allow-Origin: https://trusted-domain.com",Restricted CORS origin to a specific trusted domain instead of a wildcard to prevent unauthorized cross-origin resource access.
PATCH-1045,nuclei-cwe-319-template,CWE-319 / CVE-2023-9207,Strict-Transport-Security: max-age=0,"- Strict-Transport-Security: max-age=0
+ Strict-Transport-Security: max-age=31536000; includeSubDomains; preload",Enforced HTTP Strict Transport Security (HSTS) to ensure all communications are encrypted over HTTPS.
PATCH-1046,nuclei-cwe-693-template,CWE-693 / N/A,"HTTP/1.1 200 OK
Server: nginx
Content-Type: text/html",+ Content-Security-Policy: default-src 'self'; script-src 'self' 'nonce-random123'; object-src 'none',Added Content-Security-Policy header to mitigate XSS vulnerabilities by restricting the sources of executable scripts.
PATCH-1047,nuclei-cwe-693-template,CWE-693 / CVE-2023-5304,"HTTP/1.1 200 OK
Server: nginx
Content-Type: text/html",+ Content-Security-Policy: default-src 'self'; script-src 'self' 'nonce-random123'; object-src 'none',Added Content-Security-Policy header to mitigate XSS vulnerabilities by restricting the sources of executable scripts.
PATCH-1048,nuclei-cwe-942-template,CWE-942 / CVE-2023-2851,Access-Control-Allow-Origin: *,"- Access-Control-Allow-Origin: *
+ Access-Control-Allow-Origin: https://trusted-domain.com",Restricted CORS origin to a specific trusted domain instead of a wildcard to prevent unauthorized cross-origin resource access.
PATCH-1049,nuclei-cwe-548-template,CWE-548 / CVE-2023-2844,"location /.git {
    autoindex on;
}","- autoindex on;
+ deny all;",Disabled directory listing and denied access to the .git directory to prevent source code and configuration exposure.
PATCH-1050,nuclei-cwe-319-template,CWE-319 / CVE-2023-3695,Strict-Transport-Security: max-age=0,"- Strict-Transport-Security: max-age=0
+ Strict-Transport-Security: max-age=31536000; includeSubDomains; preload",Enforced HTTP Strict Transport Security (HSTS) to ensure all communications are encrypted over HTTPS.
PATCH-1051,nuclei-cwe-548-template,CWE-548 / N/A,"location /.git {
    autoindex on;
}","- autoindex on;
+ deny all;",Disabled directory listing and denied access to the .git directory to prevent source code and configuration exposure.
PATCH-1052,nuclei-cwe-693-template,CWE-693 / N/A,"HTTP/1.1 200 OK
Server: nginx
Content-Type: text/html",+ Content-Security-Policy: default-src 'self'; script-src 'self' 'nonce-random123'; object-src 'none',Added Content-Security-Policy header to mitigate XSS vulnerabilities by restricting the sources of executable scripts.
PATCH-1053,nuclei-cwe-693-template,CWE-693 / CVE-2023-1970,"HTTP/1.1 200 OK
Server: nginx
Content-Type: text/html",+ Content-Security-Policy: default-src 'self'; script-src 'self' 'nonce-random123'; object-src 'none',Added Content-Security-Policy header to mitigate XSS vulnerabilities by restricting the sources of executable scripts.
PATCH-1054,nuclei-cwe-200-template,CWE-200 / CVE-2023-8768,Server: Apache/2.4.41 (Ubuntu),"- Server: Apache/2.4.41 (Ubuntu)
+ Server: Apache",Removed verbose server version information from the Server header to thwart targeted automated attacks.
PATCH-1055,nuclei-cwe-200-template,CWE-200 / CVE-2023-8301,Server: Apache/2.4.41 (Ubuntu),"- Server: Apache/2.4.41 (Ubuntu)
+ Server: Apache",Removed verbose server version information from the Server header to thwart targeted automated attacks.
PATCH-1056,nuclei-cwe-548-template,CWE-548 / CVE-2023-4417,"location /.git {
    autoindex on;
}","- autoindex on;
+ deny all;",Disabled directory listing and denied access to the .git directory to prevent source code and configuration exposure.
PATCH-1057,nuclei-cwe-942-template,CWE-942 / CVE-2023-9940,Access-Control-Allow-Origin: *,"- Access-Control-Allow-Origin: *
+ Access-Control-Allow-Origin: https://trusted-domain.com",Restricted CORS origin to a specific trusted domain instead of a wildcard to prevent unauthorized cross-origin resource access.
PATCH-1058,nuclei-cwe-548-template,CWE-548 / CVE-2023-9140,"location /.git {
    autoindex on;
}","- autoindex on;
+ deny all;",Disabled directory listing and denied access to the .git directory to prevent source code and configuration exposure.
PATCH-1059,nuclei-cwe-693-template,CWE-693 / CVE-2023-5144,"HTTP/1.1 200 OK
Server: nginx
Content-Type: text/html",+ Content-Security-Policy: default-src 'self'; script-src 'self' 'nonce-random123'; object-src 'none',Added Content-Security-Policy header to mitigate XSS vulnerabilities by restricting the sources of executable scripts.
PATCH-1060,nuclei-cwe-319-template,CWE-319 / CVE-2023-1627,Strict-Transport-Security: max-age=0,"- Strict-Transport-Security: max-age=0
+ Strict-Transport-Security: max-age=31536000; includeSubDomains; preload",Enforced HTTP Strict Transport Security (HSTS) to ensure all communications are encrypted over HTTPS.
PATCH-1061,nuclei-cwe-200-template,CWE-200 / CVE-2023-3302,Server: Apache/2.4.41 (Ubuntu),"- Server: Apache/2.4.41 (Ubuntu)
+ Server: Apache",Removed verbose server version information from the Server header to thwart targeted automated attacks.
PATCH-1062,nuclei-cwe-693-template,CWE-693 / CVE-2023-3748,"HTTP/1.1 200 OK
Server: nginx
Content-Type: text/html",+ Content-Security-Policy: default-src 'self'; script-src 'self' 'nonce-random123'; object-src 'none',Added Content-Security-Policy header to mitigate XSS vulnerabilities by restricting the sources of executable scripts.
PATCH-1063,nuclei-cwe-200-template,CWE-200 / N/A,Server: Apache/2.4.41 (Ubuntu),"- Server: Apache/2.4.41 (Ubuntu)
+ Server: Apache",Removed verbose server version information from the Server header to thwart targeted automated attacks.
PATCH-1064,nuclei-cwe-548-template,CWE-548 / N/A,"location /.git {
    autoindex on;
}","- autoindex on;
+ deny all;",Disabled directory listing and denied access to the .git directory to prevent source code and configuration exposure.
PATCH-1065,nuclei-cwe-693-template,CWE-693 / CVE-2023-4844,"HTTP/1.1 200 OK
Server: nginx
Content-Type: text/html",+ Content-Security-Policy: default-src 'self'; script-src 'self' 'nonce-random123'; object-src 'none',Added Content-Security-Policy header to mitigate XSS vulnerabilities by restricting the sources of executable scripts.
PATCH-1066,nuclei-cwe-693-template,CWE-693 / N/A,"HTTP/1.1 200 OK
Server: nginx
Content-Type: text/html",+ Content-Security-Policy: default-src 'self'; script-src 'self' 'nonce-random123'; object-src 'none',Added Content-Security-Policy header to mitigate XSS vulnerabilities by restricting the sources of executable scripts.
PATCH-1067,nuclei-cwe-319-template,CWE-319 / CVE-2023-4457,Strict-Transport-Security: max-age=0,"- Strict-Transport-Security: max-age=0
+ Strict-Transport-Security: max-age=31536000; includeSubDomains; preload",Enforced HTTP Strict Transport Security (HSTS) to ensure all communications are encrypted over HTTPS.
PATCH-1068,nuclei-cwe-942-template,CWE-942 / N/A,Access-Control-Allow-Origin: *,"- Access-Control-Allow-Origin: *
+ Access-Control-Allow-Origin: https://trusted-domain.com",Restricted CORS origin to a specific trusted domain instead of a wildcard to prevent unauthorized cross-origin resource access.
PATCH-1069,nuclei-cwe-200-template,CWE-200 / CVE-2023-9131,Server: Apache/2.4.41 (Ubuntu),"- Server: Apache/2.4.41 (Ubuntu)
+ Server: Apache",Removed verbose server version information from the Server header to thwart targeted automated attacks.
PATCH-1070,nuclei-cwe-200-template,CWE-200 / CVE-2023-3373,Server: Apache/2.4.41 (Ubuntu),"- Server: Apache/2.4.41 (Ubuntu)
+ Server: Apache",Removed verbose server version information from the Server header to thwart targeted automated attacks.
PATCH-1071,nuclei-cwe-548-template,CWE-548 / CVE-2023-2153,"location /.git {
    autoindex on;
}","- autoindex on;
+ deny all;",Disabled directory listing and denied access to the .git directory to prevent source code and configuration exposure.
PATCH-1072,nuclei-cwe-942-template,CWE-942 / CVE-2023-3345,Access-Control-Allow-Origin: *,"- Access-Control-Allow-Origin: *
+ Access-Control-Allow-Origin: https://trusted-domain.com",Restricted CORS origin to a specific trusted domain instead of a wildcard to prevent unauthorized cross-origin resource access.
PATCH-1073,nuclei-cwe-942-template,CWE-942 / CVE-2023-5825,Access-Control-Allow-Origin: *,"- Access-Control-Allow-Origin: *
+ Access-Control-Allow-Origin: https://trusted-domain.com",Restricted CORS origin to a specific trusted domain instead of a wildcard to prevent unauthorized cross-origin resource access.
PATCH-1074,nuclei-cwe-319-template,CWE-319 / CVE-2023-2275,Strict-Transport-Security: max-age=0,"- Strict-Transport-Security: max-age=0
+ Strict-Transport-Security: max-age=31536000; includeSubDomains; preload",Enforced HTTP Strict Transport Security (HSTS) to ensure all communications are encrypted over HTTPS.
PATCH-1075,nuclei-cwe-693-template,CWE-693 / CVE-2023-4425,"HTTP/1.1 200 OK
Server: nginx
Content-Type: text/html",+ Content-Security-Policy: default-src 'self'; script-src 'self' 'nonce-random123'; object-src 'none',Added Content-Security-Policy header to mitigate XSS vulnerabilities by restricting the sources of executable scripts.
PATCH-1076,nuclei-cwe-200-template,CWE-200 / N/A,Server: Apache/2.4.41 (Ubuntu),"- Server: Apache/2.4.41 (Ubuntu)
+ Server: Apache",Removed verbose server version information from the Server header to thwart targeted automated attacks.
PATCH-1077,nuclei-cwe-693-template,CWE-693 / N/A,"HTTP/1.1 200 OK
Server: nginx
Content-Type: text/html",+ Content-Security-Policy: default-src 'self'; script-src 'self' 'nonce-random123'; object-src 'none',Added Content-Security-Policy header to mitigate XSS vulnerabilities by restricting the sources of executable scripts.
PATCH-1078,nuclei-cwe-942-template,CWE-942 / CVE-2023-9374,Access-Control-Allow-Origin: *,"- Access-Control-Allow-Origin: *
+ Access-Control-Allow-Origin: https://trusted-domain.com",Restricted CORS origin to a specific trusted domain instead of a wildcard to prevent unauthorized cross-origin resource access.
PATCH-1079,nuclei-cwe-942-template,CWE-942 / CVE-2023-8605,Access-Control-Allow-Origin: *,"- Access-Control-Allow-Origin: *
+ Access-Control-Allow-Origin: https://trusted-domain.com",Restricted CORS origin to a specific trusted domain instead of a wildcard to prevent unauthorized cross-origin resource access.
PATCH-1080,nuclei-cwe-200-template,CWE-200 / CVE-2023-4417,Server: Apache/2.4.41 (Ubuntu),"- Server: Apache/2.4.41 (Ubuntu)
+ Server: Apache",Removed verbose server version information from the Server header to thwart targeted automated attacks.
PATCH-1081,nuclei-cwe-693-template,CWE-693 / N/A,"HTTP/1.1 200 OK
Server: nginx
Content-Type: text/html",+ Content-Security-Policy: default-src 'self'; script-src 'self' 'nonce-random123'; object-src 'none',Added Content-Security-Policy header to mitigate XSS vulnerabilities by restricting the sources of executable scripts.
PATCH-1082,nuclei-cwe-200-template,CWE-200 / N/A,Server: Apache/2.4.41 (Ubuntu),"- Server: Apache/2.4.41 (Ubuntu)
+ Server: Apache",Removed verbose server version information from the Server header to thwart targeted automated attacks.
PATCH-1083,nuclei-cwe-200-template,CWE-200 / CVE-2023-9759,Server: Apache/2.4.41 (Ubuntu),"- Server: Apache/2.4.41 (Ubuntu)
+ Server: Apache",Removed verbose server version information from the Server header to thwart targeted automated attacks.
PATCH-1084,nuclei-cwe-319-template,CWE-319 / CVE-2023-3946,Strict-Transport-Security: max-age=0,"- Strict-Transport-Security: max-age=0
+ Strict-Transport-Security: max-age=31536000; includeSubDomains; preload",Enforced HTTP Strict Transport Security (HSTS) to ensure all communications are encrypted over HTTPS.
PATCH-1085,nuclei-cwe-319-template,CWE-319 / CVE-2023-2279,Strict-Transport-Security: max-age=0,"- Strict-Transport-Security: max-age=0
+ Strict-Transport-Security: max-age=31536000; includeSubDomains; preload",Enforced HTTP Strict Transport Security (HSTS) to ensure all communications are encrypted over HTTPS.
PATCH-1086,nuclei-cwe-942-template,CWE-942 / N/A,Access-Control-Allow-Origin: *,"- Access-Control-Allow-Origin: *
+ Access-Control-Allow-Origin: https://trusted-domain.com",Restricted CORS origin to a specific trusted domain instead of a wildcard to prevent unauthorized cross-origin resource access.
PATCH-1087,nuclei-cwe-200-template,CWE-200 / N/A,Server: Apache/2.4.41 (Ubuntu),"- Server: Apache/2.4.41 (Ubuntu)
+ Server: Apache",Removed verbose server version information from the Server header to thwart targeted automated attacks.
PATCH-1088,nuclei-cwe-319-template,CWE-319 / N/A,Strict-Transport-Security: max-age=0,"- Strict-Transport-Security: max-age=0
+ Strict-Transport-Security: max-age=31536000; includeSubDomains; preload",Enforced HTTP Strict Transport Security (HSTS) to ensure all communications are encrypted over HTTPS.
PATCH-1089,nuclei-cwe-693-template,CWE-693 / N/A,"HTTP/1.1 200 OK
Server: nginx
Content-Type: text/html",+ Content-Security-Policy: default-src 'self'; script-src 'self' 'nonce-random123'; object-src 'none',Added Content-Security-Policy header to mitigate XSS vulnerabilities by restricting the sources of executable scripts.
PATCH-1090,nuclei-cwe-548-template,CWE-548 / CVE-2023-4764,"location /.git {
    autoindex on;
}","- autoindex on;
+ deny all;",Disabled directory listing and denied access to the .git directory to prevent source code and configuration exposure.
PATCH-1091,nuclei-cwe-693-template,CWE-693 / N/A,"HTTP/1.1 200 OK
Server: nginx
Content-Type: text/html",+ Content-Security-Policy: default-src 'self'; script-src 'self' 'nonce-random123'; object-src 'none',Added Content-Security-Policy header to mitigate XSS vulnerabilities by restricting the sources of executable scripts.
PATCH-1092,nuclei-cwe-548-template,CWE-548 / CVE-2023-3719,"location /.git {
    autoindex on;
}","- autoindex on;
+ deny all;",Disabled directory listing and denied access to the .git directory to prevent source code and configuration exposure.
PATCH-1093,nuclei-cwe-200-template,CWE-200 / N/A,Server: Apache/2.4.41 (Ubuntu),"- Server: Apache/2.4.41 (Ubuntu)
+ Server: Apache",Removed verbose server version information from the Server header to thwart targeted automated attacks.
PATCH-1094,nuclei-cwe-548-template,CWE-548 / N/A,"location /.git {
    autoindex on;
}","- autoindex on;
+ deny all;",Disabled directory listing and denied access to the .git directory to prevent source code and configuration exposure.
PATCH-1095,nuclei-cwe-200-template,CWE-200 / CVE-2023-9159,Server: Apache/2.4.41 (Ubuntu),"- Server: Apache/2.4.41 (Ubuntu)
+ Server: Apache",Removed verbose server version information from the Server header to thwart targeted automated attacks.
PATCH-1096,nuclei-cwe-319-template,CWE-319 / CVE-2023-9293,Strict-Transport-Security: max-age=0,"- Strict-Transport-Security: max-age=0
+ Strict-Transport-Security: max-age=31536000; includeSubDomains; preload",Enforced HTTP Strict Transport Security (HSTS) to ensure all communications are encrypted over HTTPS.
PATCH-1097,nuclei-cwe-548-template,CWE-548 / CVE-2023-7106,"location /.git {
    autoindex on;
}","- autoindex on;
+ deny all;",Disabled directory listing and denied access to the .git directory to prevent source code and configuration exposure.
PATCH-1098,nuclei-cwe-548-template,CWE-548 / CVE-2023-3356,"location /.git {
    autoindex on;
}","- autoindex on;
+ deny all;",Disabled directory listing and denied access to the .git directory to prevent source code and configuration exposure.
PATCH-1099,nuclei-cwe-200-template,CWE-200 / CVE-2023-1871,Server: Apache/2.4.41 (Ubuntu),"- Server: Apache/2.4.41 (Ubuntu)
+ Server: Apache",Removed verbose server version information from the Server header to thwart targeted automated attacks.
PATCH-1100,nuclei-cwe-942-template,CWE-942 / CVE-2023-2793,Access-Control-Allow-Origin: *,"- Access-Control-Allow-Origin: *
+ Access-Control-Allow-Origin: https://trusted-domain.com",Restricted CORS origin to a specific trusted domain instead of a wildcard to prevent unauthorized cross-origin resource access.
PATCH-1101,nuclei-cwe-319-template,CWE-319 / N/A,Strict-Transport-Security: max-age=0,"- Strict-Transport-Security: max-age=0
+ Strict-Transport-Security: max-age=31536000; includeSubDomains; preload",Enforced HTTP Strict Transport Security (HSTS) to ensure all communications are encrypted over HTTPS.
PATCH-1102,nuclei-cwe-693-template,CWE-693 / N/A,"HTTP/1.1 200 OK
Server: nginx
Content-Type: text/html",+ Content-Security-Policy: default-src 'self'; script-src 'self' 'nonce-random123'; object-src 'none',Added Content-Security-Policy header to mitigate XSS vulnerabilities by restricting the sources of executable scripts.
PATCH-1103,nuclei-cwe-319-template,CWE-319 / CVE-2023-4213,Strict-Transport-Security: max-age=0,"- Strict-Transport-Security: max-age=0
+ Strict-Transport-Security: max-age=31536000; includeSubDomains; preload",Enforced HTTP Strict Transport Security (HSTS) to ensure all communications are encrypted over HTTPS.
PATCH-1104,nuclei-cwe-693-template,CWE-693 / CVE-2023-5441,"HTTP/1.1 200 OK
Server: nginx
Content-Type: text/html",+ Content-Security-Policy: default-src 'self'; script-src 'self' 'nonce-random123'; object-src 'none',Added Content-Security-Policy header to mitigate XSS vulnerabilities by restricting the sources of executable scripts.
PATCH-1105,nuclei-cwe-548-template,CWE-548 / N/A,"location /.git {
    autoindex on;
}","- autoindex on;
+ deny all;",Disabled directory listing and denied access to the .git directory to prevent source code and configuration exposure.
PATCH-1106,nuclei-cwe-693-template,CWE-693 / CVE-2023-2194,"HTTP/1.1 200 OK
Server: nginx
Content-Type: text/html",+ Content-Security-Policy: default-src 'self'; script-src 'self' 'nonce-random123'; object-src 'none',Added Content-Security-Policy header to mitigate XSS vulnerabilities by restricting the sources of executable scripts.
PATCH-1107,nuclei-cwe-942-template,CWE-942 / CVE-2023-4228,Access-Control-Allow-Origin: *,"- Access-Control-Allow-Origin: *
+ Access-Control-Allow-Origin: https://trusted-domain.com",Restricted CORS origin to a specific trusted domain instead of a wildcard to prevent unauthorized cross-origin resource access.
PATCH-1108,nuclei-cwe-548-template,CWE-548 / N/A,"location /.git {
    autoindex on;
}","- autoindex on;
+ deny all;",Disabled directory listing and denied access to the .git directory to prevent source code and configuration exposure.
PATCH-1109,nuclei-cwe-693-template,CWE-693 / N/A,"HTTP/1.1 200 OK
Server: nginx
Content-Type: text/html",+ Content-Security-Policy: default-src 'self'; script-src 'self' 'nonce-random123'; object-src 'none',Added Content-Security-Policy header to mitigate XSS vulnerabilities by restricting the sources of executable scripts.
PATCH-1110,nuclei-cwe-548-template,CWE-548 / CVE-2023-7050,"location /.git {
    autoindex on;
}","- autoindex on;
+ deny all;",Disabled directory listing and denied access to the .git directory to prevent source code and configuration exposure.
PATCH-1111,nuclei-cwe-548-template,CWE-548 / N/A,"location /.git {
    autoindex on;
}","- autoindex on;
+ deny all;",Disabled directory listing and denied access to the .git directory to prevent source code and configuration exposure.
PATCH-1112,nuclei-cwe-548-template,CWE-548 / CVE-2023-6707,"location /.git {
    autoindex on;
}","- autoindex on;
+ deny all;",Disabled directory listing and denied access to the .git directory to prevent source code and configuration exposure.
PATCH-1113,nuclei-cwe-200-template,CWE-200 / N/A,Server: Apache/2.4.41 (Ubuntu),"- Server: Apache/2.4.41 (Ubuntu)
+ Server: Apache",Removed verbose server version information from the Server header to thwart targeted automated attacks.
PATCH-1114,nuclei-cwe-942-template,CWE-942 / N/A,Access-Control-Allow-Origin: *,"- Access-Control-Allow-Origin: *
+ Access-Control-Allow-Origin: https://trusted-domain.com",Restricted CORS origin to a specific trusted domain instead of a wildcard to prevent unauthorized cross-origin resource access.
PATCH-1115,nuclei-cwe-200-template,CWE-200 / CVE-2023-8091,Server: Apache/2.4.41 (Ubuntu),"- Server: Apache/2.4.41 (Ubuntu)
+ Server: Apache",Removed verbose server version information from the Server header to thwart targeted automated attacks.
PATCH-1116,nuclei-cwe-319-template,CWE-319 / CVE-2023-7306,Strict-Transport-Security: max-age=0,"- Strict-Transport-Security: max-age=0
+ Strict-Transport-Security: max-age=31536000; includeSubDomains; preload",Enforced HTTP Strict Transport Security (HSTS) to ensure all communications are encrypted over HTTPS.
PATCH-1117,nuclei-cwe-319-template,CWE-319 / N/A,Strict-Transport-Security: max-age=0,"- Strict-Transport-Security: max-age=0
+ Strict-Transport-Security: max-age=31536000; includeSubDomains; preload",Enforced HTTP Strict Transport Security (HSTS) to ensure all communications are encrypted over HTTPS.
PATCH-1118,nuclei-cwe-200-template,CWE-200 / CVE-2023-3908,Server: Apache/2.4.41 (Ubuntu),"- Server: Apache/2.4.41 (Ubuntu)
+ Server: Apache",Removed verbose server version information from the Server header to thwart targeted automated attacks.
PATCH-1119,nuclei-cwe-319-template,CWE-319 / CVE-2023-4011,Strict-Transport-Security: max-age=0,"- Strict-Transport-Security: max-age=0
+ Strict-Transport-Security: max-age=31536000; includeSubDomains; preload",Enforced HTTP Strict Transport Security (HSTS) to ensure all communications are encrypted over HTTPS.
PATCH-1120,nuclei-cwe-319-template,CWE-319 / CVE-2023-8987,Strict-Transport-Security: max-age=0,"- Strict-Transport-Security: max-age=0
+ Strict-Transport-Security: max-age=31536000; includeSubDomains; preload",Enforced HTTP Strict Transport Security (HSTS) to ensure all communications are encrypted over HTTPS.
PATCH-1121,nuclei-cwe-693-template,CWE-693 / CVE-2023-5680,"HTTP/1.1 200 OK
Server: nginx
Content-Type: text/html",+ Content-Security-Policy: default-src 'self'; script-src 'self' 'nonce-random123'; object-src 'none',Added Content-Security-Policy header to mitigate XSS vulnerabilities by restricting the sources of executable scripts.
PATCH-1122,nuclei-cwe-942-template,CWE-942 / CVE-2023-1139,Access-Control-Allow-Origin: *,"- Access-Control-Allow-Origin: *
+ Access-Control-Allow-Origin: https://trusted-domain.com",Restricted CORS origin to a specific trusted domain instead of a wildcard to prevent unauthorized cross-origin resource access.
PATCH-1123,nuclei-cwe-548-template,CWE-548 / CVE-2023-9265,"location /.git {
    autoindex on;
}","- autoindex on;
+ deny all;",Disabled directory listing and denied access to the .git directory to prevent source code and configuration exposure.
PATCH-1124,nuclei-cwe-200-template,CWE-200 / CVE-2023-7736,Server: Apache/2.4.41 (Ubuntu),"- Server: Apache/2.4.41 (Ubuntu)
+ Server: Apache",Removed verbose server version information from the Server header to thwart targeted automated attacks.
PATCH-1125,nuclei-cwe-693-template,CWE-693 / N/A,"HTTP/1.1 200 OK
Server: nginx
Content-Type: text/html",+ Content-Security-Policy: default-src 'self'; script-src 'self' 'nonce-random123'; object-src 'none',Added Content-Security-Policy header to mitigate XSS vulnerabilities by restricting the sources of executable scripts.
PATCH-1126,nuclei-cwe-548-template,CWE-548 / N/A,"location /.git {
    autoindex on;
}","- autoindex on;
+ deny all;",Disabled directory listing and denied access to the .git directory to prevent source code and configuration exposure.
PATCH-1127,nuclei-cwe-548-template,CWE-548 / N/A,"location /.git {
    autoindex on;
}","- autoindex on;
+ deny all;",Disabled directory listing and denied access to the .git directory to prevent source code and configuration exposure.
PATCH-1128,nuclei-cwe-319-template,CWE-319 / CVE-2023-9691,Strict-Transport-Security: max-age=0,"- Strict-Transport-Security: max-age=0
+ Strict-Transport-Security: max-age=31536000; includeSubDomains; preload",Enforced HTTP Strict Transport Security (HSTS) to ensure all communications are encrypted over HTTPS.
PATCH-1129,nuclei-cwe-942-template,CWE-942 / N/A,Access-Control-Allow-Origin: *,"- Access-Control-Allow-Origin: *
+ Access-Control-Allow-Origin: https://trusted-domain.com",Restricted CORS origin to a specific trusted domain instead of a wildcard to prevent unauthorized cross-origin resource access.
PATCH-1130,nuclei-cwe-693-template,CWE-693 / CVE-2023-6777,"HTTP/1.1 200 OK
Server: nginx
Content-Type: text/html",+ Content-Security-Policy: default-src 'self'; script-src 'self' 'nonce-random123'; object-src 'none',Added Content-Security-Policy header to mitigate XSS vulnerabilities by restricting the sources of executable scripts.
PATCH-1131,nuclei-cwe-319-template,CWE-319 / N/A,Strict-Transport-Security: max-age=0,"- Strict-Transport-Security: max-age=0
+ Strict-Transport-Security: max-age=31536000; includeSubDomains; preload",Enforced HTTP Strict Transport Security (HSTS) to ensure all communications are encrypted over HTTPS.
PATCH-1132,nuclei-cwe-693-template,CWE-693 / N/A,"HTTP/1.1 200 OK
Server: nginx
Content-Type: text/html",+ Content-Security-Policy: default-src 'self'; script-src 'self' 'nonce-random123'; object-src 'none',Added Content-Security-Policy header to mitigate XSS vulnerabilities by restricting the sources of executable scripts.
PATCH-1133,nuclei-cwe-548-template,CWE-548 / CVE-2023-8324,"location /.git {
    autoindex on;
}","- autoindex on;
+ deny all;",Disabled directory listing and denied access to the .git directory to prevent source code and configuration exposure.
PATCH-1134,nuclei-cwe-548-template,CWE-548 / N/A,"location /.git {
    autoindex on;
}","- autoindex on;
+ deny all;",Disabled directory listing and denied access to the .git directory to prevent source code and configuration exposure.
PATCH-1135,nuclei-cwe-942-template,CWE-942 / CVE-2023-4040,Access-Control-Allow-Origin: *,"- Access-Control-Allow-Origin: *
+ Access-Control-Allow-Origin: https://trusted-domain.com",Restricted CORS origin to a specific trusted domain instead of a wildcard to prevent unauthorized cross-origin resource access.
PATCH-1136,nuclei-cwe-548-template,CWE-548 / N/A,"location /.git {
    autoindex on;
}","- autoindex on;
+ deny all;",Disabled directory listing and denied access to the .git directory to prevent source code and configuration exposure.
PATCH-1137,nuclei-cwe-942-template,CWE-942 / N/A,Access-Control-Allow-Origin: *,"- Access-Control-Allow-Origin: *
+ Access-Control-Allow-Origin: https://trusted-domain.com",Restricted CORS origin to a specific trusted domain instead of a wildcard to prevent unauthorized cross-origin resource access.
PATCH-1138,nuclei-cwe-319-template,CWE-319 / N/A,Strict-Transport-Security: max-age=0,"- Strict-Transport-Security: max-age=0
+ Strict-Transport-Security: max-age=31536000; includeSubDomains; preload",Enforced HTTP Strict Transport Security (HSTS) to ensure all communications are encrypted over HTTPS.
PATCH-1139,nuclei-cwe-693-template,CWE-693 / CVE-2023-8762,"HTTP/1.1 200 OK
Server: nginx
Content-Type: text/html",+ Content-Security-Policy: default-src 'self'; script-src 'self' 'nonce-random123'; object-src 'none',Added Content-Security-Policy header to mitigate XSS vulnerabilities by restricting the sources of executable scripts.
PATCH-1140,nuclei-cwe-319-template,CWE-319 / CVE-2023-8179,Strict-Transport-Security: max-age=0,"- Strict-Transport-Security: max-age=0
+ Strict-Transport-Security: max-age=31536000; includeSubDomains; preload",Enforced HTTP Strict Transport Security (HSTS) to ensure all communications are encrypted over HTTPS.
PATCH-1141,nuclei-cwe-319-template,CWE-319 / CVE-2023-3830,Strict-Transport-Security: max-age=0,"- Strict-Transport-Security: max-age=0
+ Strict-Transport-Security: max-age=31536000; includeSubDomains; preload",Enforced HTTP Strict Transport Security (HSTS) to ensure all communications are encrypted over HTTPS.
PATCH-1142,nuclei-cwe-200-template,CWE-200 / CVE-2023-4164,Server: Apache/2.4.41 (Ubuntu),"- Server: Apache/2.4.41 (Ubuntu)
+ Server: Apache",Removed verbose server version information from the Server header to thwart targeted automated attacks.
PATCH-1143,nuclei-cwe-942-template,CWE-942 / CVE-2023-6253,Access-Control-Allow-Origin: *,"- Access-Control-Allow-Origin: *
+ Access-Control-Allow-Origin: https://trusted-domain.com",Restricted CORS origin to a specific trusted domain instead of a wildcard to prevent unauthorized cross-origin resource access.
PATCH-1144,nuclei-cwe-693-template,CWE-693 / N/A,"HTTP/1.1 200 OK
Server: nginx
Content-Type: text/html",+ Content-Security-Policy: default-src 'self'; script-src 'self' 'nonce-random123'; object-src 'none',Added Content-Security-Policy header to mitigate XSS vulnerabilities by restricting the sources of executable scripts.
PATCH-1145,nuclei-cwe-200-template,CWE-200 / CVE-2023-8880,Server: Apache/2.4.41 (Ubuntu),"- Server: Apache/2.4.41 (Ubuntu)
+ Server: Apache",Removed verbose server version information from the Server header to thwart targeted automated attacks.
PATCH-1146,nuclei-cwe-693-template,CWE-693 / N/A,"HTTP/1.1 200 OK
Server: nginx
Content-Type: text/html",+ Content-Security-Policy: default-src 'self'; script-src 'self' 'nonce-random123'; object-src 'none',Added Content-Security-Policy header to mitigate XSS vulnerabilities by restricting the sources of executable scripts.
PATCH-1147,nuclei-cwe-942-template,CWE-942 / N/A,Access-Control-Allow-Origin: *,"- Access-Control-Allow-Origin: *
+ Access-Control-Allow-Origin: https://trusted-domain.com",Restricted CORS origin to a specific trusted domain instead of a wildcard to prevent unauthorized cross-origin resource access.
PATCH-1148,nuclei-cwe-942-template,CWE-942 / CVE-2023-4773,Access-Control-Allow-Origin: *,"- Access-Control-Allow-Origin: *
+ Access-Control-Allow-Origin: https://trusted-domain.com",Restricted CORS origin to a specific trusted domain instead of a wildcard to prevent unauthorized cross-origin resource access.
PATCH-1149,nuclei-cwe-200-template,CWE-200 / CVE-2023-7282,Server: Apache/2.4.41 (Ubuntu),"- Server: Apache/2.4.41 (Ubuntu)
+ Server: Apache",Removed verbose server version information from the Server header to thwart targeted automated attacks.
PATCH-1150,nuclei-cwe-693-template,CWE-693 / N/A,"HTTP/1.1 200 OK
Server: nginx
Content-Type: text/html",+ Content-Security-Policy: default-src 'self'; script-src 'self' 'nonce-random123'; object-src 'none',Added Content-Security-Policy header to mitigate XSS vulnerabilities by restricting the sources of executable scripts.
PATCH-1151,nuclei-cwe-942-template,CWE-942 / N/A,Access-Control-Allow-Origin: *,"- Access-Control-Allow-Origin: *
+ Access-Control-Allow-Origin: https://trusted-domain.com",Restricted CORS origin to a specific trusted domain instead of a wildcard to prevent unauthorized cross-origin resource access.
PATCH-1152,nuclei-cwe-693-template,CWE-693 / CVE-2023-8449,"HTTP/1.1 200 OK
Server: nginx
Content-Type: text/html",+ Content-Security-Policy: default-src 'self'; script-src 'self' 'nonce-random123'; object-src 'none',Added Content-Security-Policy header to mitigate XSS vulnerabilities by restricting the sources of executable scripts.
PATCH-1153,nuclei-cwe-548-template,CWE-548 / N/A,"location /.git {
    autoindex on;
}","- autoindex on;
+ deny all;",Disabled directory listing and denied access to the .git directory to prevent source code and configuration exposure.
PATCH-1154,nuclei-cwe-319-template,CWE-319 / CVE-2023-3758,Strict-Transport-Security: max-age=0,"- Strict-Transport-Security: max-age=0
+ Strict-Transport-Security: max-age=31536000; includeSubDomains; preload",Enforced HTTP Strict Transport Security (HSTS) to ensure all communications are encrypted over HTTPS.
PATCH-1155,nuclei-cwe-942-template,CWE-942 / CVE-2023-3079,Access-Control-Allow-Origin: *,"- Access-Control-Allow-Origin: *
+ Access-Control-Allow-Origin: https://trusted-domain.com",Restricted CORS origin to a specific trusted domain instead of a wildcard to prevent unauthorized cross-origin resource access.
PATCH-1156,nuclei-cwe-200-template,CWE-200 / N/A,Server: Apache/2.4.41 (Ubuntu),"- Server: Apache/2.4.41 (Ubuntu)
+ Server: Apache",Removed verbose server version information from the Server header to thwart targeted automated attacks.
PATCH-1157,nuclei-cwe-942-template,CWE-942 / CVE-2023-3194,Access-Control-Allow-Origin: *,"- Access-Control-Allow-Origin: *
+ Access-Control-Allow-Origin: https://trusted-domain.com",Restricted CORS origin to a specific trusted domain instead of a wildcard to prevent unauthorized cross-origin resource access.
PATCH-1158,nuclei-cwe-548-template,CWE-548 / N/A,"location /.git {
    autoindex on;
}","- autoindex on;
+ deny all;",Disabled directory listing and denied access to the .git directory to prevent source code and configuration exposure.
PATCH-1159,nuclei-cwe-200-template,CWE-200 / CVE-2023-3712,Server: Apache/2.4.41 (Ubuntu),"- Server: Apache/2.4.41 (Ubuntu)
+ Server: Apache",Removed verbose server version information from the Server header to thwart targeted automated attacks.
PATCH-1160,nuclei-cwe-200-template,CWE-200 / CVE-2023-2696,Server: Apache/2.4.41 (Ubuntu),"- Server: Apache/2.4.41 (Ubuntu)
+ Server: Apache",Removed verbose server version information from the Server header to thwart targeted automated attacks.
PATCH-1161,nuclei-cwe-319-template,CWE-319 / N/A,Strict-Transport-Security: max-age=0,"- Strict-Transport-Security: max-age=0
+ Strict-Transport-Security: max-age=31536000; includeSubDomains; preload",Enforced HTTP Strict Transport Security (HSTS) to ensure all communications are encrypted over HTTPS.
PATCH-1162,nuclei-cwe-693-template,CWE-693 / CVE-2023-5626,"HTTP/1.1 200 OK
Server: nginx
Content-Type: text/html",+ Content-Security-Policy: default-src 'self'; script-src 'self' 'nonce-random123'; object-src 'none',Added Content-Security-Policy header to mitigate XSS vulnerabilities by restricting the sources of executable scripts.
PATCH-1163,nuclei-cwe-200-template,CWE-200 / N/A,Server: Apache/2.4.41 (Ubuntu),"- Server: Apache/2.4.41 (Ubuntu)
+ Server: Apache",Removed verbose server version information from the Server header to thwart targeted automated attacks.
PATCH-1164,nuclei-cwe-200-template,CWE-200 / N/A,Server: Apache/2.4.41 (Ubuntu),"- Server: Apache/2.4.41 (Ubuntu)
+ Server: Apache",Removed verbose server version information from the Server header to thwart targeted automated attacks.
PATCH-1165,nuclei-cwe-693-template,CWE-693 / N/A,"HTTP/1.1 200 OK
Server: nginx
Content-Type: text/html",+ Content-Security-Policy: default-src 'self'; script-src 'self' 'nonce-random123'; object-src 'none',Added Content-Security-Policy header to mitigate XSS vulnerabilities by restricting the sources of executable scripts.
PATCH-1166,nuclei-cwe-942-template,CWE-942 / N/A,Access-Control-Allow-Origin: *,"- Access-Control-Allow-Origin: *
+ Access-Control-Allow-Origin: https://trusted-domain.com",Restricted CORS origin to a specific trusted domain instead of a wildcard to prevent unauthorized cross-origin resource access.
PATCH-1167,nuclei-cwe-548-template,CWE-548 / CVE-2023-8048,"location /.git {
    autoindex on;
}","- autoindex on;
+ deny all;",Disabled directory listing and denied access to the .git directory to prevent source code and configuration exposure.
PATCH-1168,nuclei-cwe-319-template,CWE-319 / N/A,Strict-Transport-Security: max-age=0,"- Strict-Transport-Security: max-age=0
+ Strict-Transport-Security: max-age=31536000; includeSubDomains; preload",Enforced HTTP Strict Transport Security (HSTS) to ensure all communications are encrypted over HTTPS.
PATCH-1169,nuclei-cwe-693-template,CWE-693 / N/A,"HTTP/1.1 200 OK
Server: nginx
Content-Type: text/html",+ Content-Security-Policy: default-src 'self'; script-src 'self' 'nonce-random123'; object-src 'none',Added Content-Security-Policy header to mitigate XSS vulnerabilities by restricting the sources of executable scripts.
PATCH-1170,nuclei-cwe-200-template,CWE-200 / CVE-2023-9998,Server: Apache/2.4.41 (Ubuntu),"- Server: Apache/2.4.41 (Ubuntu)
+ Server: Apache",Removed verbose server version information from the Server header to thwart targeted automated attacks.
PATCH-1171,nuclei-cwe-548-template,CWE-548 / N/A,"location /.git {
    autoindex on;
}","- autoindex on;
+ deny all;",Disabled directory listing and denied access to the .git directory to prevent source code and configuration exposure.
PATCH-1172,nuclei-cwe-548-template,CWE-548 / CVE-2023-1208,"location /.git {
    autoindex on;
}","- autoindex on;
+ deny all;",Disabled directory listing and denied access to the .git directory to prevent source code and configuration exposure.
PATCH-1173,nuclei-cwe-548-template,CWE-548 / CVE-2023-9145,"location /.git {
    autoindex on;
}","- autoindex on;
+ deny all;",Disabled directory listing and denied access to the .git directory to prevent source code and configuration exposure.
PATCH-1174,nuclei-cwe-319-template,CWE-319 / N/A,Strict-Transport-Security: max-age=0,"- Strict-Transport-Security: max-age=0
+ Strict-Transport-Security: max-age=31536000; includeSubDomains; preload",Enforced HTTP Strict Transport Security (HSTS) to ensure all communications are encrypted over HTTPS.
PATCH-1175,nuclei-cwe-200-template,CWE-200 / CVE-2023-2687,Server: Apache/2.4.41 (Ubuntu),"- Server: Apache/2.4.41 (Ubuntu)
+ Server: Apache",Removed verbose server version information from the Server header to thwart targeted automated attacks.
PATCH-1176,nuclei-cwe-200-template,CWE-200 / CVE-2023-3265,Server: Apache/2.4.41 (Ubuntu),"- Server: Apache/2.4.41 (Ubuntu)
+ Server: Apache",Removed verbose server version information from the Server header to thwart targeted automated attacks.
PATCH-1177,nuclei-cwe-693-template,CWE-693 / N/A,"HTTP/1.1 200 OK
Server: nginx
Content-Type: text/html",+ Content-Security-Policy: default-src 'self'; script-src 'self' 'nonce-random123'; object-src 'none',Added Content-Security-Policy header to mitigate XSS vulnerabilities by restricting the sources of executable scripts.
PATCH-1178,nuclei-cwe-942-template,CWE-942 / N/A,Access-Control-Allow-Origin: *,"- Access-Control-Allow-Origin: *
+ Access-Control-Allow-Origin: https://trusted-domain.com",Restricted CORS origin to a specific trusted domain instead of a wildcard to prevent unauthorized cross-origin resource access.
PATCH-1179,nuclei-cwe-693-template,CWE-693 / N/A,"HTTP/1.1 200 OK
Server: nginx
Content-Type: text/html",+ Content-Security-Policy: default-src 'self'; script-src 'self' 'nonce-random123'; object-src 'none',Added Content-Security-Policy header to mitigate XSS vulnerabilities by restricting the sources of executable scripts.
PATCH-1180,nuclei-cwe-200-template,CWE-200 / N/A,Server: Apache/2.4.41 (Ubuntu),"- Server: Apache/2.4.41 (Ubuntu)
+ Server: Apache",Removed verbose server version information from the Server header to thwart targeted automated attacks.
PATCH-1181,nuclei-cwe-942-template,CWE-942 / N/A,Access-Control-Allow-Origin: *,"- Access-Control-Allow-Origin: *
+ Access-Control-Allow-Origin: https://trusted-domain.com",Restricted CORS origin to a specific trusted domain instead of a wildcard to prevent unauthorized cross-origin resource access.
PATCH-1182,nuclei-cwe-319-template,CWE-319 / CVE-2023-4680,Strict-Transport-Security: max-age=0,"- Strict-Transport-Security: max-age=0
+ Strict-Transport-Security: max-age=31536000; includeSubDomains; preload",Enforced HTTP Strict Transport Security (HSTS) to ensure all communications are encrypted over HTTPS.
PATCH-1183,nuclei-cwe-942-template,CWE-942 / N/A,Access-Control-Allow-Origin: *,"- Access-Control-Allow-Origin: *
+ Access-Control-Allow-Origin: https://trusted-domain.com",Restricted CORS origin to a specific trusted domain instead of a wildcard to prevent unauthorized cross-origin resource access.
PATCH-1184,nuclei-cwe-693-template,CWE-693 / N/A,"HTTP/1.1 200 OK
Server: nginx
Content-Type: text/html",+ Content-Security-Policy: default-src 'self'; script-src 'self' 'nonce-random123'; object-src 'none',Added Content-Security-Policy header to mitigate XSS vulnerabilities by restricting the sources of executable scripts.
PATCH-1185,nuclei-cwe-548-template,CWE-548 / CVE-2023-4362,"location /.git {
    autoindex on;
}","- autoindex on;
+ deny all;",Disabled directory listing and denied access to the .git directory to prevent source code and configuration exposure.
PATCH-1186,nuclei-cwe-200-template,CWE-200 / CVE-2023-1936,Server: Apache/2.4.41 (Ubuntu),"- Server: Apache/2.4.41 (Ubuntu)
+ Server: Apache",Removed verbose server version information from the Server header to thwart targeted automated attacks.
PATCH-1187,nuclei-cwe-693-template,CWE-693 / N/A,"HTTP/1.1 200 OK
Server: nginx
Content-Type: text/html",+ Content-Security-Policy: default-src 'self'; script-src 'self' 'nonce-random123'; object-src 'none',Added Content-Security-Policy header to mitigate XSS vulnerabilities by restricting the sources of executable scripts.
PATCH-1188,nuclei-cwe-200-template,CWE-200 / N/A,Server: Apache/2.4.41 (Ubuntu),"- Server: Apache/2.4.41 (Ubuntu)
+ Server: Apache",Removed verbose server version information from the Server header to thwart targeted automated attacks.
PATCH-1189,nuclei-cwe-693-template,CWE-693 / N/A,"HTTP/1.1 200 OK
Server: nginx
Content-Type: text/html",+ Content-Security-Policy: default-src 'self'; script-src 'self' 'nonce-random123'; object-src 'none',Added Content-Security-Policy header to mitigate XSS vulnerabilities by restricting the sources of executable scripts.
PATCH-1190,nuclei-cwe-942-template,CWE-942 / CVE-2023-9048,Access-Control-Allow-Origin: *,"- Access-Control-Allow-Origin: *
+ Access-Control-Allow-Origin: https://trusted-domain.com",Restricted CORS origin to a specific trusted domain instead of a wildcard to prevent unauthorized cross-origin resource access.
PATCH-1191,nuclei-cwe-693-template,CWE-693 / CVE-2023-5471,"HTTP/1.1 200 OK
Server: nginx
Content-Type: text/html",+ Content-Security-Policy: default-src 'self'; script-src 'self' 'nonce-random123'; object-src 'none',Added Content-Security-Policy header to mitigate XSS vulnerabilities by restricting the sources of executable scripts.
PATCH-1192,nuclei-cwe-693-template,CWE-693 / CVE-2023-3212,"HTTP/1.1 200 OK
Server: nginx
Content-Type: text/html",+ Content-Security-Policy: default-src 'self'; script-src 'self' 'nonce-random123'; object-src 'none',Added Content-Security-Policy header to mitigate XSS vulnerabilities by restricting the sources of executable scripts.
PATCH-1193,nuclei-cwe-942-template,CWE-942 / CVE-2023-5727,Access-Control-Allow-Origin: *,"- Access-Control-Allow-Origin: *
+ Access-Control-Allow-Origin: https://trusted-domain.com",Restricted CORS origin to a specific trusted domain instead of a wildcard to prevent unauthorized cross-origin resource access.
PATCH-1194,nuclei-cwe-693-template,CWE-693 / CVE-2023-8822,"HTTP/1.1 200 OK
Server: nginx
Content-Type: text/html",+ Content-Security-Policy: default-src 'self'; script-src 'self' 'nonce-random123'; object-src 'none',Added Content-Security-Policy header to mitigate XSS vulnerabilities by restricting the sources of executable scripts.
PATCH-1195,nuclei-cwe-548-template,CWE-548 / CVE-2023-9781,"location /.git {
    autoindex on;
}","- autoindex on;
+ deny all;",Disabled directory listing and denied access to the .git directory to prevent source code and configuration exposure.
PATCH-1196,nuclei-cwe-548-template,CWE-548 / N/A,"location /.git {
    autoindex on;
}","- autoindex on;
+ deny all;",Disabled directory listing and denied access to the .git directory to prevent source code and configuration exposure.
PATCH-1197,nuclei-cwe-200-template,CWE-200 / CVE-2023-2463,Server: Apache/2.4.41 (Ubuntu),"- Server: Apache/2.4.41 (Ubuntu)
+ Server: Apache",Removed verbose server version information from the Server header to thwart targeted automated attacks.
PATCH-1198,nuclei-cwe-693-template,CWE-693 / N/A,"HTTP/1.1 200 OK
Server: nginx
Content-Type: text/html",+ Content-Security-Policy: default-src 'self'; script-src 'self' 'nonce-random123'; object-src 'none',Added Content-Security-Policy header to mitigate XSS vulnerabilities by restricting the sources of executable scripts.
PATCH-1199,nuclei-cwe-942-template,CWE-942 / CVE-2023-1983,Access-Control-Allow-Origin: *,"- Access-Control-Allow-Origin: *
+ Access-Control-Allow-Origin: https://trusted-domain.com",Restricted CORS origin to a specific trusted domain instead of a wildcard to prevent unauthorized cross-origin resource access.
PATCH-1200,nuclei-cwe-548-template,CWE-548 / N/A,"location /.git {
    autoindex on;
}","- autoindex on;
+ deny all;",Disabled directory listing and denied access to the .git directory to prevent source code and configuration exposure.
